GameID,Season,Date,Playoffs,Team,Opp,Coach,Location,HackedPlayerID,HackedFTRate,StartQ,StartTime,StartMargin,PlayerRemoved,PlayerRestTime,EndQ,EndTime,EndMargin,NumPoss,FTM,FTA,ReturnMargin,2ndChancePts,Win
21500001,15,2015-10-27 00:00:00,0,ATL,DET,"('Budenholzer', 'Mike')",1,203083,0.355,3,4:33,-17,0,0,3,3:50,-16,1,1,2,inf,0,0
21500020,15,2015-10-29 00:00:00,0,DAL,LAC,"('Carlisle', 'Rick')",-1,203085,0.681,1,0:50,-6,0,0,1,0:27,-5,1,1,2,inf,0,0
21500020,15,2015-10-29 00:00:00,0,DAL,LAC,"('Carlisle', 'Rick')",-1,201599,0.43,2,0:59,-10,1,20,2,0:20,-6,2,1,4,-8,0,0
21500020,15,2015-10-29 00:00:00,0,DAL,LAC,"('Carlisle', 'Rick')",-1,2746,0.595,3,2:59,-11,0,0,3,2:19,-12,1,1,2,inf,0,0
21500020,15,2015-10-29 00:00:00,0,DAL,LAC,"('Carlisle', 'Rick')",-1,2746,0.595,3,1:55,-10,0,0,3,1:26,-13,1,2,2,inf,0,0
21500038,15,2015-10-31 00:00:00,0,SAC,LAC,"('Karl', 'George')",-1,201599,0.43,4,2:46,-5,0,0,4,1:36,-3,2,3,5,inf,0,0
21500082,15,2015-11-06 00:00:00,0,PHX,DET,"('Hornacek', 'Jeff')",1,203083,0.355,3,0:58,-2,1,46,3,0:46,-2,1,1,2,-4,0,0
21500082,15,2015-11-06 00:00:00,0,PHX,DET,"('Hornacek', 'Jeff')",1,203083,0.355,4,3:05,-7,0,0,4,2:38,-7,0,0,2,inf,0,0
21500082,15,2015-11-06 00:00:00,0,PHX,DET,"('Hornacek', 'Jeff')",1,203083,0.355,4,2:21,-6,1,23,4,2:10,-3,1,0,2,-1,0,0
21500084,15,2015-11-06 00:00:00,0,SAC,HOU,"('Karl', 'George')",1,203991,0.379,4,2:16,-8,0,0,4,1:33,-7,0,1,2,inf,0,0
21500093,15,2015-11-07 00:00:00,0,LAC,HOU,"('Rivers', 'Doc')",1,203991,0.379,4,6:05,-8,0,0,4,5:30,-11,2,3,4,inf,0,0
21500093,15,2015-11-07 00:00:00,0,HOU,LAC,"('McHale', 'Kevin')",-1,201599,0.43,4,3:40,5,1,108,4,2:52,5,2,2,4,1,0,1
21500098,15,2015-11-08 00:00:00,0,POR,DET,"('Stotts', 'Terry')",1,203083,0.355,4,2:27,-11,0,0,4,1:27,-14,3,1,6,inf,3,0
21500116,15,2015-11-11 00:00:00,0,BOS,IND,"('Stevens', 'Brad')",1,101133,0.587,2,3:09,-7,0,0,2,2:44,-6,1,1,2,inf,0,0
21500116,15,2015-11-11 00:00:00,0,BOS,IND,"('Stevens', 'Brad')",1,101133,0.587,2,2:33,-4,0,0,2,1:55,-7,1,1,2,inf,2,0
21500118,15,2015-11-11 00:00:00,0,DAL,LAC,"('Carlisle', 'Rick')",1,201599,0.43,1,4:38,0,0,0,1,4:09,-1,1,1,2,inf,0,1
21500118,15,2015-11-11 00:00:00,0,DAL,LAC,"('Carlisle', 'Rick')",1,201599,0.43,4,5:25,-2,1,168,4,4:11,0,2,2,6,-1,0,1
21500126,15,2015-11-12 00:00:00,0,PHX,LAC,"('Hornacek', 'Jeff')",1,201599,0.43,2,5:26,4,0,0,2,4:09,5,3,1,2,inf,0,1
21500126,15,2015-11-12 00:00:00,0,PHX,LAC,"('Hornacek', 'Jeff')",1,201599,0.43,2,3:53,5,0,0,2,3:27,3,1,0,2,inf,0,1
21500126,15,2015-11-12 00:00:00,0,PHX,LAC,"('Hornacek', 'Jeff')",1,201599,0.43,2,2:01,5,0,0,2,1:15,7,1,0,2,inf,0,1
21500126,15,2015-11-12 00:00:00,0,PHX,LAC,"('Hornacek', 'Jeff')",1,201599,0.43,2,0:24,10,0,0,3,11:40,7,0,1,2,inf,0,1
21500127,15,2015-11-13 00:00:00,0,MIN,IND,"('Mitchell', 'Sam')",-1,101133,0.587,4,2:12,-6,0,0,4,1:38,-3,1,0,2,inf,0,0
21500128,15,2015-11-13 00:00:00,0,UTA,ORL,"('Snyder', 'Quin')",-1,203901,0.589,4,1:09,-7,0,0,4,0:37,-12,2,3,4,inf,0,0
21500138,15,2015-11-14 00:00:00,0,LAC,DET,"('Rivers', 'Doc')",1,203083,0.355,3,4:23,-9,0,0,3,3:39,-7,1,1,2,inf,0,1
21500138,15,2015-11-14 00:00:00,0,LAC,DET,"('Rivers', 'Doc')",1,203083,0.355,3,3:25,-6,1,190,3,3:10,-6,0,0,2,1,0,1
21500138,15,2015-11-14 00:00:00,0,LAC,DET,"('Rivers', 'Doc')",1,203083,0.355,4,5:27,3,0,0,4,4:47,3,1,2,4,inf,0,1
21500149,15,2015-11-15 00:00:00,0,BOS,OKC,"('Stevens', 'Brad')",-1,203500,0.582,2,1:06,-9,0,0,2,0:33,-8,1,1,2,inf,0,1
21500158,15,2015-11-17 00:00:00,0,WAS,MIL,"('Wittman', 'Randy')",1,203487,0.654,2,0:35,16,0,0,2,0:04,18,1,0,2,inf,0,1
21500160,15,2015-11-17 00:00:00,0,CLE,DET,"('Blatt', 'David')",-1,203083,0.355,4,2:58,4,0,0,4,2:29,0,1,2,2,inf,0,0
21500160,15,2015-11-17 00:00:00,0,CLE,DET,"('Blatt', 'David')",-1,203083,0.355,4,2:07,0,0,0,4,0:36,-1,2,1,2,inf,0,0
21500161,15,2015-11-17 00:00:00,0,MIN,MIA,"('Mitchell', 'Sam')",-1,202355,0.65,4,4:32,2,0,0,4,4:07,1,1,1,2,inf,0,1
21500161,15,2015-11-17 00:00:00,0,MIN,MIA,"('Mitchell', 'Sam')",-1,202355,0.65,4,3:51,3,1,87,4,3:31,5,1,0,2,1,0,1
21500164,15,2015-11-17 00:00:00,0,TOR,GSW,"('Casey', 'Dwane')",-1,101106,0.48,4,3:39,-4,1,157,4,2:37,-2,3,2,4,-5,0,0
21500170,15,2015-11-18 00:00:00,0,HOU,POR,"('Bickerstaff', 'J.B.')",1,203486,0.642,4,3:19,-7,0,0,4,2:52,-9,1,2,2,inf,0,1
21500175,15,2015-11-19 00:00:00,0,SAC,MIA,"('Karl', 'George')",-1,202355,0.65,3,2:12,-7,0,0,3,0:43,-7,3,4,4,inf,0,0
21500177,15,2015-11-19 00:00:00,0,GSW,LAC,"('Walton', 'Luke')",-1,203085,0.681,1,2:55,-18,0,0,1,2:23,-16,1,0,2,inf,0,1
21500179,15,2015-11-20 00:00:00,0,BKN,BOS,"('Hollins', 'Lionel')",-1,101161,0.57,2,0:02,-24,1,2,2,0:02,-24,0,0,0,-24,0,0
21500186,15,2015-11-20 00:00:00,0,POR,LAC,"('Stotts', 'Terry')",1,201599,0.43,2,1:10,2,1,45,2,0:45,3,1,1,4,1,0,1
21500187,15,2015-11-20 00:00:00,0,CHI,GSW,"('Hoiberg', 'Fred')",-1,203949,0.531,3,2:01,1,0,0,3,1:37,-1,1,2,2,inf,0,0
21500193,15,2015-11-21 00:00:00,0,PHI,MIA,"('Brown', 'Brett')",-1,202355,0.65,3,0:48,7,0,0,3,0:00,7,1,1,2,inf,0,0
21500193,15,2015-11-21 00:00:00,0,PHI,MIA,"('Brown', 'Brett')",-1,202355,0.65,4,7:26,10,0,0,4,6:28,6,3,4,6,inf,0,0
21500200,15,2015-11-22 00:00:00,0,DEN,GSW,"('Malone', 'Mike')",1,203105,0.53,3,0:15,-11,0,0,4,11:42,-14,1,1,2,inf,0,0
21500204,15,2015-11-23 00:00:00,0,NYK,MIA,"('Fisher', 'Derek')",-1,202355,0.65,4,3:29,-13,0,0,4,3:10,-15,1,0,2,inf,0,0
21500204,15,2015-11-23 00:00:00,0,NYK,MIA,"('Fisher', 'Derek')",-1,202355,0.65,4,2:46,-12,0,0,4,2:02,-16,2,4,4,inf,0,0
21500211,15,2015-11-24 00:00:00,0,DAL,MEM,"('Carlisle', 'Rick')",-1,2754,0.652,4,4:36,-11,0,0,4,3:38,-15,2,4,6,inf,4,0
21500211,15,2015-11-24 00:00:00,0,DAL,MEM,"('Carlisle', 'Rick')",-1,2754,0.652,4,2:48,-13,0,0,4,2:17,-15,1,2,2,inf,0,0
21500212,15,2015-11-24 00:00:00,0,DEN,LAC,"('Malone', 'Mike')",1,201599,0.43,4,5:08,-12,0,0,4,4:33,-15,1,1,2,inf,0,0
21500212,15,2015-11-24 00:00:00,0,DEN,LAC,"('Malone', 'Mike')",1,201599,0.43,4,3:58,-13,0,0,4,3:25,-12,3,2,6,inf,0,0
21500212,15,2015-11-24 00:00:00,0,DEN,LAC,"('Malone', 'Mike')",1,201599,0.43,4,2:47,-11,0,0,4,2:34,-13,0,2,2,inf,4,0
21500231,15,2015-11-27 00:00:00,0,IND,CHI,"('Vogel', 'Frank')",1,202734,0.629,3,2:38,6,0,0,3,1:46,5,2,1,2,inf,0,1
21500231,15,2015-11-27 00:00:00,0,CHI,IND,"('Hoiberg', 'Fred')",-1,101133,0.587,4,4:49,-14,0,0,4,2:56,-13,4,4,6,inf,0,0
21500231,15,2015-11-27 00:00:00,0,CHI,IND,"('Hoiberg', 'Fred')",-1,101133,0.587,4,2:35,-10,0,0,4,2:08,-15,1,3,4,inf,0,0
21500232,15,2015-11-27 00:00:00,0,PHI,HOU,"('Brown', 'Brett')",-1,2730,0.489,4,2:07,-4,0,0,4,1:26,-4,1,0,2,inf,0,0
21500247,15,2015-11-29 00:00:00,0,MIN,LAC,"('Mitchell', 'Sam')",-1,201599,0.43,2,0:20,-11,0,0,3,11:22,-9,1,0,2,inf,0,0
21500247,15,2015-11-29 00:00:00,0,MIN,LAC,"('Mitchell', 'Sam')",-1,201599,0.43,4,2:27,-11,0,0,4,1:44,-9,3,3,8,inf,2,0
21500249,15,2015-11-29 00:00:00,0,BOS,ORL,"('Stevens', 'Brad')",-1,203901,0.589,4,2:47,-14,0,0,4,2:20,-17,1,1,2,inf,0,0
21500253,15,2015-11-29 00:00:00,0,LAL,IND,"('Scott', 'Byron')",1,101133,0.587,4,3:54,-4,1,91,4,3:24,-6,1,4,4,-1,0,0
21500254,15,2015-11-30 00:00:00,0,HOU,DET,"('Bickerstaff', 'J.B.')",-1,203083,0.355,3,5:11,-18,1,268,3,4:28,-18,3,2,8,-11,0,0
21500254,15,2015-11-30 00:00:00,0,HOU,DET,"('Bickerstaff', 'J.B.')",-1,203083,0.355,4,4:07,-13,1,128,4,4:04,-13,0,0,2,1,0,0
21500260,15,2015-11-30 00:00:00,0,DAL,SAC,"('Carlisle', 'Rick')",-1,200765,0.58,2,2:44,1,0,0,2,0:45,2,4,1,4,inf,0,0
21500260,15,2015-11-30 00:00:00,0,DAL,SAC,"('Carlisle', 'Rick')",-1,200765,0.58,2,0:36,3,0,0,2,0:01,4,1,1,2,inf,0,0
21500260,15,2015-11-30 00:00:00,0,DAL,SAC,"('Carlisle', 'Rick')",-1,200765,0.58,3,3:51,-6,0,0,3,3:31,-6,1,0,2,inf,0,0
21500260,15,2015-11-30 00:00:00,0,DAL,SAC,"('Carlisle', 'Rick')",-1,200765,0.58,3,3:26,-6,0,0,3,2:52,-8,1,2,2,inf,0,0
21500260,15,2015-11-30 00:00:00,0,DAL,SAC,"('Carlisle', 'Rick')",-1,200765,0.58,4,3:27,-11,0,0,4,2:52,-14,2,3,4,inf,0,0
21500261,15,2015-11-30 00:00:00,0,POR,LAC,"('Stotts', 'Terry')",-1,201599,0.43,2,3:34,5,0,0,2,2:29,1,2,2,4,inf,0,0
21500261,15,2015-11-30 00:00:00,0,POR,LAC,"('Stotts', 'Terry')",-1,201599,0.43,3,5:11,-7,0,0,3,4:36,-9,1,0,2,inf,0,0
21500261,15,2015-11-30 00:00:00,0,POR,LAC,"('Stotts', 'Terry')",-1,201599,0.43,3,3:38,-9,1,190,3,3:10,-9,1,0,4,-10,0,0
21500261,15,2015-11-30 00:00:00,0,POR,LAC,"('Stotts', 'Terry')",-1,201599,0.43,4,3:51,-14,0,0,4,1:45,-15,9,8,18,inf,0,0
21500267,15,2015-12-01 00:00:00,0,DAL,POR,"('Carlisle', 'Rick')",-1,202334,0.559,4,2:59,-5,0,0,4,2:32,-7,1,2,2,inf,0,1
21500270,15,2015-12-02 00:00:00,0,PHX,DET,"('Hornacek', 'Jeff')",-1,203083,0.355,2,1:57,0,1,90,2,1:30,3,2,1,4,0,0,0
21500270,15,2015-12-02 00:00:00,0,PHX,DET,"('Hornacek', 'Jeff')",-1,203083,0.355,3,0:10,10,0,0,3,0:00,9,1,1,2,inf,0,0
21500273,15,2015-12-02 00:00:00,0,DEN,CHI,"('Malone', 'Mike')",-1,201149,0.489,4,0:51,-8,0,0,4,0:46,-7,1,1,2,inf,0,0
21500274,15,2015-12-02 00:00:00,0,NOP,HOU,"('Gentry', 'Alvin')",-1,2730,0.489,4,1:14,-5,0,0,4,0:45,-9,1,2,2,inf,0,0
21500276,15,2015-12-02 00:00:00,0,IND,LAC,"('Vogel', 'Frank')",-1,201599,0.43,2,0:56,-1,1,43,2,0:43,-1,0,0,2,-3,0,1
21500276,15,2015-12-02 00:00:00,0,LAC,IND,"('Rivers', 'Doc')",1,101133,0.587,4,3:13,-6,1,41,4,2:28,-8,2,4,6,-1,0,0
21500294,15,2015-12-05 00:00:00,0,MIN,POR,"('Mitchell', 'Sam')",1,202334,0.559,4,2:25,-6,0,0,4,1:22,-5,2,3,4,inf,0,0
21500311,15,2015-12-07 00:00:00,0,MIN,LAC,"('Mitchell', 'Sam')",1,201599,0.43,2,1:13,8,0,0,2,0:41,7,1,1,2,inf,0,0
21500311,15,2015-12-07 00:00:00,0,MIN,LAC,"('Mitchell', 'Sam')",1,201599,0.43,3,1:02,3,1,56,3,0:56,2,0,1,2,6,0,0
21500318,15,2015-12-08 00:00:00,0,UTA,SAC,"('Snyder', 'Quin')",-1,200765,0.58,2,0:12,-5,0,0,2,0:02,-6,1,1,2,inf,0,0
21500318,15,2015-12-08 00:00:00,0,UTA,SAC,"('Snyder', 'Quin')",-1,200765,0.58,4,1:13,-9,0,0,4,0:46,-9,2,4,4,inf,0,0
21500324,15,2015-12-09 00:00:00,0,MIL,LAC,"('Kidd', 'Jason')",1,201599,0.43,4,5:02,-11,0,0,4,3:45,-13,4,4,8,inf,3,0
21500336,15,2015-12-11 00:00:00,0,BOS,GSW,"('Stevens', 'Brad')",1,203105,0.53,1,0:11,1,0,0,2,11:45,-3,1,2,2,inf,0,0
21500371,15,2015-12-16 00:00:00,0,DAL,IND,"('Carlisle', 'Rick')",-1,101133,0.587,2,1:26,2,0,0,2,1:01,-1,1,1,2,inf,0,0
21500371,15,2015-12-16 00:00:00,0,DAL,IND,"('Carlisle', 'Rick')",-1,101133,0.587,2,0:13,-1,0,0,3,11:46,2,1,0,2,inf,0,0
21500374,15,2015-12-16 00:00:00,0,BOS,DET,"('Stevens', 'Brad')",-1,203083,0.355,3,5:37,-9,1,296,3,4:56,-8,2,3,6,-2,0,0
21500374,15,2015-12-16 00:00:00,0,BOS,DET,"('Stevens', 'Brad')",-1,203083,0.355,4,2:36,-4,1,156,4,2:36,-4,0,0,0,-3,0,0
21500385,15,2015-12-17 00:00:00,0,LAL,HOU,"('Scott', 'Byron')",1,2730,0.489,4,5:21,-15,0,0,4,2:59,-17,4,7,12,inf,4,0
21500391,15,2015-12-18 00:00:00,0,CHI,DET,"('Hoiberg', 'Fred')",1,203083,0.355,2,0:21,-1,0,0,3,11:44,-3,1,2,2,inf,0,0
21500393,15,2015-12-18 00:00:00,0,SAS,LAC,"('Popovich', 'Gregg')",1,201599,0.43,2,0:39,-1,1,25,2,0:29,1,1,0,2,-1,0,1
21500393,15,2015-12-18 00:00:00,0,SAS,LAC,"('Popovich', 'Gregg')",1,201599,0.43,3,2:38,-4,1,34,3,0:34,-2,6,6,12,-3,0,1
21500393,15,2015-12-18 00:00:00,0,SAS,LAC,"('Popovich', 'Gregg')",1,201599,0.43,4,8:57,8,0,0,4,8:19,6,2,2,4,inf,0,1
21500393,15,2015-12-18 00:00:00,0,SAS,LAC,"('Popovich', 'Gregg')",1,201599,0.43,4,4:33,8,0,0,4,4:13,8,0,0,2,inf,0,1
21500401,15,2015-12-19 00:00:00,0,LAC,HOU,"('Rivers', 'Doc')",-1,2730,0.489,2,6:57,-21,0,0,2,5:38,-17,4,4,8,inf,0,0
21500401,15,2015-12-19 00:00:00,0,LAC,HOU,"('Rivers', 'Doc')",-1,203991,0.379,2,5:20,-15,0,0,2,4:48,-17,1,2,2,inf,0,0
21500401,15,2015-12-19 00:00:00,0,LAC,HOU,"('Rivers', 'Doc')",-1,203991,0.379,2,4:34,-14,0,0,2,4:09,-16,1,0,2,inf,0,0
21500401,15,2015-12-19 00:00:00,0,HOU,LAC,"('Bickerstaff', 'J.B.')",1,201599,0.43,2,3:58,16,1,214,2,3:34,18,1,0,2,11,0,1
21500401,15,2015-12-19 00:00:00,0,LAC,HOU,"('Rivers', 'Doc')",-1,2730,0.489,2,2:29,-14,1,135,2,2:15,-14,1,1,2,-11,0,0
21500401,15,2015-12-19 00:00:00,0,LAC,HOU,"('Rivers', 'Doc')",-1,203991,0.379,3,1:11,-13,1,70,3,1:10,-14,0,1,2,-12,0,0
21500401,15,2015-12-19 00:00:00,0,HOU,LAC,"('Bickerstaff', 'J.B.')",1,201599,0.43,3,1:00,14,1,35,3,0:35,12,0,2,2,12,0,1
21500401,15,2015-12-19 00:00:00,0,HOU,LAC,"('Bickerstaff', 'J.B.')",1,2746,0.595,3,0:34,12,0,0,3,0:26,12,1,2,2,inf,0,1
21500401,15,2015-12-19 00:00:00,0,LAC,HOU,"('Rivers', 'Doc')",-1,202700,0.642,4,6:54,-17,0,0,4,6:22,-22,1,2,2,inf,0,0
21500401,15,2015-12-19 00:00:00,0,LAC,HOU,"('Rivers', 'Doc')",-1,201976,0.682,4,2:42,-14,0,0,4,2:12,-12,1,0,2,inf,0,0
21500418,15,2015-12-21 00:00:00,0,OKC,LAC,"('Donovan', 'Billy')",-1,201599,0.43,2,0:20,-3,1,6,2,0:06,-3,1,1,2,-2,0,1
21500421,15,2015-12-22 00:00:00,0,DAL,TOR,"('Carlisle', 'Rick')",-1,203512,0.533,3,0:28,-4,0,0,3,0:00,-5,1,1,2,inf,0,0
21500429,15,2015-12-23 00:00:00,0,ATL,DET,"('Budenholzer', 'Mike')",1,203083,0.355,1,2:10,-3,1,82,1,1:22,-1,2,3,6,1,0,1
21500429,15,2015-12-23 00:00:00,0,ATL,DET,"('Budenholzer', 'Mike')",1,203083,0.355,2,8:33,1,0,0,2,8:00,1,1,0,2,inf,0,1
21500429,15,2015-12-23 00:00:00,0,ATL,DET,"('Budenholzer', 'Mike')",1,203083,0.355,2,7:04,2,0,0,2,6:41,1,1,1,2,inf,0,1
21500429,15,2015-12-23 00:00:00,0,ATL,DET,"('Budenholzer', 'Mike')",1,203083,0.355,3,2:39,16,1,144,3,2:24,17,1,0,2,15,0,1
21500439,15,2015-12-25 00:00:00,0,SAS,HOU,"('Popovich', 'Gregg')",-1,2730,0.489,4,3:13,-7,0,0,4,2:46,-9,1,2,2,inf,0,0
21500439,15,2015-12-25 00:00:00,0,SAS,HOU,"('Popovich', 'Gregg')",-1,2730,0.489,4,2:29,-7,0,0,4,1:44,-5,2,0,5,inf,0,0
21500446,15,2015-12-26 00:00:00,0,BOS,DET,"('Stevens', 'Brad')",-1,203083,0.355,1,2:23,3,0,0,1,1:59,1,1,2,2,inf,0,1
21500446,15,2015-12-26 00:00:00,0,BOS,DET,"('Stevens', 'Brad')",-1,203083,0.355,2,1:19,5,1,62,2,1:02,7,1,0,2,5,0,1
21500456,15,2015-12-27 00:00:00,0,DEN,OKC,"('Malone', 'Mike')",-1,203500,0.582,4,1:18,-8,0,0,4,0:46,-12,1,2,2,inf,0,0
21500461,15,2015-12-28 00:00:00,0,WAS,LAC,"('Wittman', 'Randy')",1,201599,0.43,2,0:13,-14,0,0,3,11:47,-13,1,2,2,inf,0,0
21500470,15,2015-12-29 00:00:00,0,ATL,HOU,"('Budenholzer', 'Mike')",-1,203991,0.379,4,3:57,0,0,0,4,3:17,1,1,1,2,inf,0,1
21500470,15,2015-12-29 00:00:00,0,ATL,HOU,"('Budenholzer', 'Mike')",-1,203991,0.379,4,3:00,2,1,17,4,2:21,1,0,1,2,1,0,1
21500470,15,2015-12-29 00:00:00,0,ATL,HOU,"('Budenholzer', 'Mike')",-1,2730,0.489,4,2:19,2,0,0,4,1:44,-1,2,3,4,inf,0,1
21500473,15,2015-12-29 00:00:00,0,DEN,CLE,"('Malone', 'Mike')",1,2747,0.634,3,4:48,-10,0,0,3,4:19,-12,1,2,2,inf,0,0
21500473,15,2015-12-29 00:00:00,0,DEN,CLE,"('Malone', 'Mike')",1,202684,0.616,4,3:07,-11,1,27,4,2:23,-9,2,1,4,-1,0,0
21500486,15,2015-12-31 00:00:00,0,MIN,DET,"('Mitchell', 'Sam')",-1,203083,0.355,3,2:06,-12,1,116,3,1:56,-12,0,0,2,-8,0,0
21500498,15,2016-01-02 00:00:00,0,IND,DET,"('Vogel', 'Frank')",1,203083,0.355,3,0:12,7,0,0,3,0:04,5,1,0,2,inf,0,1
21500502,15,2016-01-02 00:00:00,0,SAS,HOU,"('Popovich', 'Gregg')",1,201976,0.682,4,2:07,19,0,0,4,1:46,20,1,1,2,inf,0,1
21500505,15,2016-01-02 00:00:00,0,PHI,LAC,"('Brown', 'Brett')",-1,201599,0.43,2,5:16,-6,0,0,2,4:46,-10,1,2,2,inf,0,0
21500505,15,2016-01-02 00:00:00,0,PHI,LAC,"('Brown', 'Brett')",-1,201599,0.43,2,4:39,-7,0,0,2,4:10,-8,1,1,2,inf,0,0
21500510,15,2016-01-03 00:00:00,0,PHX,LAL,"('Hornacek', 'Jeff')",-1,1626204,0.681,4,1:20,-16,0,0,4,0:44,-17,1,1,2,inf,0,0
21500514,15,2016-01-04 00:00:00,0,ORL,DET,"('Skiles', 'Scott')",-1,203083,0.355,2,0:41,-9,1,23,2,0:23,-10,1,1,2,-10,0,0
21500517,15,2016-01-04 00:00:00,0,OKC,SAC,"('Donovan', 'Billy')",1,200765,0.58,4,2:24,-11,0,0,4,1:50,-9,1,0,2,inf,0,0
21500528,15,2016-01-06 00:00:00,0,BOS,DET,"('Stevens', 'Brad')",1,203083,0.355,3,5:45,11,1,307,3,5:07,12,1,0,2,9,0,0
21500538,15,2016-01-07 00:00:00,0,UTA,HOU,"('Snyder', 'Quin')",-1,1626149,0.522,3,0:16,-5,0,0,4,11:47,-8,1,1,2,inf,0,0
21500542,15,2016-01-08 00:00:00,0,DEN,MEM,"('Malone', 'Mike')",-1,2754,0.652,4,0:57,-7,1,17,4,0:52,-7,1,1,2,1,0,0
21500548,15,2016-01-08 00:00:00,0,POR,GSW,"('Stotts', 'Terry')",1,101106,0.48,2,4:03,-14,1,237,2,3:57,-15,0,1,2,-22,0,0
21500558,15,2016-01-10 00:00:00,0,NOP,LAC,"('Gentry', 'Alvin')",-1,201601,0.526,5,0:20,-3,1,0,5,0:10,-3,1,1,2,1,0,0
21500564,15,2016-01-10 00:00:00,0,POR,OKC,"('Stotts', 'Terry')",1,203500,0.582,4,2:08,-3,1,119,4,2:00,-1,1,1,2,-1,0,1
21500572,15,2016-01-12 00:00:00,0,MEM,HOU,"('Joerger', 'David')",1,2730,0.489,4,2:50,-12,0,0,4,1:56,-14,2,4,4,inf,0,0
21500575,15,2016-01-12 00:00:00,0,CLE,DAL,"('Blatt', 'David')",-1,201580,0.5,3,0:27,-5,0,0,3,0:00,-5,1,2,2,inf,0,1
21500581,15,2016-01-13 00:00:00,0,MIN,HOU,"('Mitchell', 'Sam')",-1,203991,0.379,4,6:51,0,1,392,4,6:32,-1,1,1,2,-3,0,0
21500581,15,2016-01-13 00:00:00,0,MIN,HOU,"('Mitchell', 'Sam')",-1,2730,0.489,4,2:27,-2,0,0,4,2:12,-3,0,1,2,inf,0,0
21500582,15,2016-01-13 00:00:00,0,DAL,OKC,"('Carlisle', 'Rick')",-1,203500,0.582,2,1:01,-23,0,0,2,0:17,-22,2,1,2,inf,0,0
21500599,15,2016-01-15 00:00:00,0,ATL,MIL,"('Budenholzer', 'Mike')",-1,203089,0.59,4,3:35,3,0,0,4,3:10,0,1,1,2,inf,0,0
21500601,15,2016-01-15 00:00:00,0,CLE,HOU,"('Blatt', 'David')",-1,2730,0.489,3,0:08,19,0,0,4,11:46,17,0,2,2,inf,0,1
21500624,15,2016-01-18 00:00:00,0,HOU,LAC,"('Bickerstaff', 'J.B.')",-1,201599,0.43,2,2:17,-9,0,0,2,1:30,-7,1,1,2,inf,0,0
21500624,15,2016-01-18 00:00:00,0,LAC,HOU,"('Rivers', 'Doc')",1,2730,0.489,2,0:26,9,0,0,3,11:25,10,2,2,2,inf,0,1
21500624,15,2016-01-18 00:00:00,0,HOU,LAC,"('Bickerstaff', 'J.B.')",-1,201599,0.43,3,2:54,-14,0,0,3,2:32,-15,1,1,2,inf,0,0
21500624,15,2016-01-18 00:00:00,0,HOU,LAC,"('Bickerstaff', 'J.B.')",-1,201599,0.43,3,2:14,-12,0,0,3,1:23,-14,1,2,4,inf,0,0
21500635,15,2016-01-20 00:00:00,0,HOU,DET,"('Bickerstaff', 'J.B.')",1,203083,0.355,2,4:03,-4,1,233,2,3:53,-5,0,1,4,-9,0,0
21500635,15,2016-01-20 00:00:00,0,HOU,DET,"('Bickerstaff', 'J.B.')",1,203083,0.355,3,11:51,-9,1,562,3,9:22,-1,7,5,16,-6,0,0
21500635,15,2016-01-20 00:00:00,0,HOU,DET,"('Bickerstaff', 'J.B.')",1,203083,0.355,4,7:36,-11,0,0,4,6:45,-15,3,4,6,inf,0,0
21500635,15,2016-01-20 00:00:00,0,HOU,DET,"('Bickerstaff', 'J.B.')",1,203083,0.355,4,5:55,-13,1,332,4,5:32,-13,1,0,4,-9,0,0
21500661,15,2016-01-23 00:00:00,0,DEN,DET,"('Malone', 'Mike')",1,203083,0.355,2,2:25,-14,0,0,2,2:15,-14,0,0,2,inf,0,1
21500666,15,2016-01-24 00:00:00,0,TOR,LAC,"('Casey', 'Dwane')",1,201599,0.43,3,3:03,9,0,0,3,2:40,8,1,1,2,inf,0,1
21500673,15,2016-01-25 00:00:00,0,UTA,DET,"('Snyder', 'Quin')",1,203083,0.355,3,0:54,-8,0,0,3,0:28,-9,1,1,2,inf,0,0
21500682,15,2016-01-26 00:00:00,0,SAC,POR,"('Karl', 'George')",-1,202334,0.559,3,0:17,-12,0,0,4,11:16,-14,1,2,2,inf,0,0
21500685,15,2016-01-27 00:00:00,0,DEN,BOS,"('Malone', 'Mike')",-1,101161,0.57,4,2:03,-12,1,122,4,2:02,-12,1,1,2,-8,0,0
21500686,15,2016-01-27 00:00:00,0,PHI,DET,"('Brown', 'Brett')",-1,203083,0.355,4,2:37,-5,0,0,4,2:09,-7,1,2,2,inf,0,0
21500686,15,2016-01-27 00:00:00,0,PHI,DET,"('Brown', 'Brett')",-1,203083,0.355,4,1:02,-10,0,0,4,0:52,-11,0,1,2,inf,0,0
21500687,15,2016-01-27 00:00:00,0,ATL,LAC,"('Budenholzer', 'Mike')",1,201599,0.43,2,1:05,-2,0,0,2,0:35,-1,1,1,2,inf,0,0
21500687,15,2016-01-27 00:00:00,0,ATL,LAC,"('Budenholzer', 'Mike')",1,201599,0.43,4,3:37,-2,0,0,4,2:32,-2,2,4,4,inf,0,0
21500689,15,2016-01-27 00:00:00,0,SAS,HOU,"('Popovich', 'Gregg')",1,203991,0.379,1,0:27,5,0,0,2,11:34,4,2,1,4,inf,0,1
21500691,15,2016-01-27 00:00:00,0,DAL,GSW,"('Carlisle', 'Rick')",-1,2738,0.614,3,1:09,-16,0,0,3,0:34,-18,2,2,2,inf,0,0
21500696,15,2016-01-28 00:00:00,0,SAC,NOP,"('Karl', 'George')",-1,1626214,0.524,4,3:28,-11,0,0,4,3:05,-10,1,1,2,inf,0,0
21500699,15,2016-01-29 00:00:00,0,CLE,DET,"('Lue', 'Tyronn')",-1,203083,0.355,2,2:31,10,1,136,2,2:16,11,1,0,2,8,0,1
21500701,15,2016-01-29 00:00:00,0,OKC,HOU,"('Donovan', 'Billy')",1,2730,0.489,2,2:14,-4,0,0,2,1:57,-6,1,0,2,inf,0,1
21500701,15,2016-01-29 00:00:00,0,OKC,HOU,"('Donovan', 'Billy')",1,2730,0.489,2,1:41,-4,0,0,2,1:01,-3,2,1,4,inf,0,1
21500701,15,2016-01-29 00:00:00,0,OKC,HOU,"('Donovan', 'Billy')",1,2730,0.489,2,0:19,-2,0,0,3,11:12,-3,2,1,2,inf,0,1
21500708,15,2016-01-30 00:00:00,0,TOR,DET,"('Casey', 'Dwane')",1,203083,0.355,2,2:07,9,0,0,2,1:35,8,1,1,2,inf,0,1
21500711,15,2016-01-30 00:00:00,0,WAS,HOU,"('Wittman', 'Randy')",-1,203991,0.379,4,3:04,-4,0,0,4,2:02,0,2,1,4,inf,0,1
21500714,15,2016-01-31 00:00:00,0,CHI,LAC,"('Hoiberg', 'Fred')",-1,201599,0.43,2,0:41,-2,0,0,2,0:29,-3,1,1,2,inf,0,0
21500714,15,2016-01-31 00:00:00,0,CHI,LAC,"('Hoiberg', 'Fred')",-1,201599,0.43,3,4:31,-5,0,0,3,3:43,-8,2,3,4,inf,0,0
21500737,15,2016-02-03 00:00:00,0,BOS,DET,"('Stevens', 'Brad')",1,203083,0.355,2,4:22,12,0,0,2,3:44,10,1,1,2,inf,0,1
21500739,15,2016-02-03 00:00:00,0,WAS,GSW,"('Wittman', 'Randy')",1,2738,0.614,3,0:34,-9,0,0,4,11:23,-10,1,0,2,inf,2,0
21500743,15,2016-02-03 00:00:00,0,DEN,UTA,"('Malone', 'Mike')",-1,203497,0.569,4,0:46,-3,1,29,4,0:34,-2,1,1,2,1,0,0
21500745,15,2016-02-03 00:00:00,0,MIN,LAC,"('Mitchell', 'Sam')",-1,201599,0.43,4,2:57,5,0,0,4,2:01,2,2,3,4,inf,0,1
21500746,15,2016-02-04 00:00:00,0,NYK,DET,"('Fisher', 'Derek')",-1,203083,0.355,1,0:50,-10,0,0,2,11:09,-13,2,2,4,inf,0,0
21500768,15,2016-02-06 00:00:00,0,PHX,UTA,"('Watson', 'Earl')",1,203497,0.569,4,2:35,-12,0,0,4,1:41,-8,4,6,8,inf,0,0
21500772,15,2016-02-07 00:00:00,0,MIA,LAC,"('Spoelstra', 'Erik')",1,201599,0.43,1,0:13,3,1,5,1,0:05,3,0,0,2,4,0,0
21500772,15,2016-02-07 00:00:00,0,LAC,MIA,"('Rivers', 'Doc')",-1,202355,0.65,1,0:05,-3,0,0,2,11:46,-4,0,1,2,inf,0,1
21500772,15,2016-02-07 00:00:00,0,MIA,LAC,"('Spoelstra', 'Erik')",1,201599,0.43,3,4:23,-8,0,0,3,3:26,-7,3,2,6,inf,0,0
21500779,15,2016-02-08 00:00:00,0,TOR,DET,"('Casey', 'Dwane')",-1,203083,0.355,3,5:39,13,0,0,3,5:18,11,0,2,2,inf,0,1
21500788,15,2016-02-09 00:00:00,0,HOU,GSW,"('Bickerstaff', 'J.B.')",-1,101106,0.48,2,2:22,-8,0,0,2,2:11,-9,1,1,2,inf,0,0
21500792,15,2016-02-10 00:00:00,0,BOS,LAC,"('Stevens', 'Brad')",1,201599,0.43,1,1:01,-2,0,0,1,0:38,-4,1,2,2,inf,0,1
21500792,15,2016-02-10 00:00:00,0,BOS,LAC,"('Stevens', 'Brad')",1,201599,0.43,2,0:10,9,0,0,3,11:29,7,2,2,2,inf,0,1
21500792,15,2016-02-10 00:00:00,0,BOS,LAC,"('Stevens', 'Brad')",1,201599,0.43,5,2:41,-3,0,0,5,2:17,-1,1,1,2,inf,0,1
21500800,15,2016-02-10 00:00:00,0,POR,HOU,"('Stotts', 'Terry')",1,203991,0.379,2,0:23,10,0,0,3,11:26,10,2,1,2,inf,0,1
21500814,15,2016-02-19 00:00:00,0,PHX,HOU,"('Watson', 'Earl')",1,2730,0.489,2,2:09,-4,0,0,2,1:44,-9,1,2,2,inf,0,0
21500819,15,2016-02-20 00:00:00,0,ATL,MIL,"('Budenholzer', 'Mike')",1,203487,0.654,5,0:18,-1,0,0,5,0:01,0,1,1,2,inf,0,0
21500832,15,2016-02-21 00:00:00,0,UTA,POR,"('Snyder', 'Quin')",-1,203486,0.642,2,0:13,7,0,0,3,11:45,5,0,0,2,inf,2,0
21500832,15,2016-02-21 00:00:00,0,UTA,POR,"('Snyder', 'Quin')",-1,202334,0.559,3,0:10,4,0,0,4,11:22,4,3,3,4,inf,0,0
21500836,15,2016-02-22 00:00:00,0,ATL,GSW,"('Budenholzer', 'Mike')",1,101106,0.48,4,2:06,-9,0,0,4,1:27,-12,0,1,2,inf,0,0
21500841,15,2016-02-23 00:00:00,0,WAS,NOP,"('Wittman', 'Randy')",1,202087,0.667,2,3:03,-1,0,0,2,2:28,0,1,1,2,inf,0,1
21500843,15,2016-02-23 00:00:00,0,UTA,HOU,"('Snyder', 'Quin')",1,2730,0.489,1,0:24,8,0,0,2,11:25,11,2,0,2,inf,0,1
21500843,15,2016-02-23 00:00:00,0,UTA,HOU,"('Snyder', 'Quin')",1,2730,0.489,2,0:51,5,0,0,2,0:00,5,2,4,6,inf,0,1
21500853,15,2016-02-24 00:00:00,0,DEN,LAC,"('Malone', 'Mike')",-1,201599,0.43,2,0:08,14,0,0,3,11:04,14,2,0,2,inf,0,1
21500858,15,2016-02-25 00:00:00,0,BKN,PHX,"('Brown', 'Tony')",-1,203515,0.5,1,0:01,7,0,0,2,11:34,5,0,2,2,inf,0,1
21500859,15,2016-02-25 00:00:00,0,POR,HOU,"('Stotts', 'Terry')",1,2730,0.489,4,3:16,-8,0,0,4,1:47,-8,3,2,7,inf,0,0
21500872,15,2016-02-27 00:00:00,0,SAS,HOU,"('Popovich', 'Gregg')",-1,2730,0.489,4,3:07,13,0,0,4,2:27,14,2,2,4,inf,0,1
21500872,15,2016-02-27 00:00:00,0,SAS,HOU,"('Popovich', 'Gregg')",-1,2730,0.489,4,2:05,16,0,0,4,1:33,16,1,0,2,inf,0,1
21500879,15,2016-02-28 00:00:00,0,TOR,DET,"('Casey', 'Dwane')",-1,203083,0.355,2,4:40,4,0,0,2,4:08,3,1,1,2,inf,0,0
21500899,15,2016-03-02 00:00:00,0,BOS,POR,"('Stevens', 'Brad')",1,202334,0.559,1,0:08,-3,0,0,1,0:01,-3,1,2,2,inf,0,1
21500901,15,2016-03-02 00:00:00,0,NOP,HOU,"('Gentry', 'Alvin')",-1,2730,0.489,3,0:11,-1,0,0,3,0:00,0,1,1,2,inf,0,0
21500901,15,2016-03-02 00:00:00,0,NOP,HOU,"('Gentry', 'Alvin')",-1,2730,0.489,4,2:43,6,0,0,4,2:15,3,2,1,2,inf,0,0
21500910,15,2016-03-03 00:00:00,0,DAL,SAC,"('Carlisle', 'Rick')",1,200765,0.58,4,4:06,-11,0,0,4,4:04,-12,0,1,2,inf,0,0
21500910,15,2016-03-03 00:00:00,0,DAL,SAC,"('Carlisle', 'Rick')",1,200765,0.58,4,3:30,-11,0,0,4,3:04,-12,1,1,2,inf,2,0
21500929,15,2016-03-05 00:00:00,0,ATL,LAC,"('Budenholzer', 'Mike')",-1,201599,0.43,3,3:21,1,0,0,3,2:30,-4,3,4,6,inf,0,1
21500929,15,2016-03-05 00:00:00,0,ATL,LAC,"('Budenholzer', 'Mike')",-1,201599,0.43,3,1:48,0,1,75,3,1:15,1,2,1,4,1,0,1
21500929,15,2016-03-05 00:00:00,0,ATL,LAC,"('Budenholzer', 'Mike')",-1,201599,0.43,4,5:07,2,0,0,4,4:33,3,1,1,2,inf,0,1
21500929,15,2016-03-05 00:00:00,0,ATL,LAC,"('Budenholzer', 'Mike')",-1,201599,0.43,4,4:03,5,1,150,4,3:48,5,0,0,2,1,0,1
21500942,15,2016-03-07 00:00:00,0,DAL,LAC,"('Carlisle', 'Rick')",1,201599,0.43,2,1:59,-1,0,0,2,1:29,-1,1,0,2,inf,0,0
21500942,15,2016-03-07 00:00:00,0,DAL,LAC,"('Carlisle', 'Rick')",1,201599,0.43,2,1:09,-1,0,0,2,0:24,0,2,1,4,inf,0,0
21500943,15,2016-03-07 00:00:00,0,ORL,GSW,"('Skiles', 'Scott')",-1,203949,0.531,3,6:05,-14,1,288,3,4:48,-9,4,3,6,-17,0,0
21500954,15,2016-03-09 00:00:00,0,DAL,DET,"('Carlisle', 'Rick')",1,203083,0.355,2,2:43,-3,0,0,2,2:06,-7,2,2,4,inf,0,0
21500954,15,2016-03-09 00:00:00,0,DAL,DET,"('Carlisle', 'Rick')",1,203083,0.355,2,1:25,-5,1,52,2,0:52,-5,1,2,4,-2,0,0
21500955,15,2016-03-09 00:00:00,0,OKC,LAC,"('Donovan', 'Billy')",1,201599,0.43,1,2:02,4,0,0,1,1:29,4,1,1,2,inf,0,1
21500955,15,2016-03-09 00:00:00,0,OKC,LAC,"('Donovan', 'Billy')",1,201599,0.43,1,0:59,6,1,51,1,0:51,6,0,0,2,10,0,1
21500955,15,2016-03-09 00:00:00,0,OKC,LAC,"('Donovan', 'Billy')",1,203085,0.681,4,0:57,14,0,0,4,0:30,12,1,2,2,inf,0,1
21500965,15,2016-03-11 00:00:00,0,BOS,HOU,"('Stevens', 'Brad')",1,2730,0.489,1,0:13,4,0,0,2,11:21,4,1,0,2,inf,0,0
21500965,15,2016-03-11 00:00:00,0,BOS,HOU,"('Stevens', 'Brad')",1,203991,0.379,3,1:48,-5,1,94,3,1:34,-5,0,0,2,-4,0,0
21500967,15,2016-03-11 00:00:00,0,MEM,NOP,"('Joerger', 'David')",1,202087,0.667,5,1:03,6,0,0,5,0:36,6,1,0,2,inf,0,1
21500972,15,2016-03-11 00:00:00,0,NYK,LAC,"('Rambis', 'Kurt')",-1,201599,0.43,2,1:08,-9,0,0,2,0:49,-11,1,2,2,inf,0,0
21500992,15,2016-03-14 00:00:00,0,MEM,HOU,"('Joerger', 'David')",-1,2730,0.489,3,0:07,-43,0,0,4,11:29,-44,1,0,2,inf,0,0
21501007,15,2016-03-16 00:00:00,0,ATL,DET,"('Budenholzer', 'Mike')",-1,203083,0.355,3,3:36,-8,1,205,3,3:25,-7,1,0,2,-1,0,1
21501007,15,2016-03-16 00:00:00,0,ATL,DET,"('Budenholzer', 'Mike')",-1,203083,0.355,4,6:26,2,0,0,4,5:59,-1,1,1,2,inf,0,1
21501007,15,2016-03-16 00:00:00,0,ATL,DET,"('Budenholzer', 'Mike')",-1,203083,0.355,4,5:27,2,0,0,4,4:37,2,2,2,4,inf,0,1
21501007,15,2016-03-16 00:00:00,0,ATL,DET,"('Budenholzer', 'Mike')",-1,203083,0.355,4,4:08,0,1,231,4,3:51,1,1,1,2,4,0,1
21501009,15,2016-03-16 00:00:00,0,HOU,LAC,"('Bickerstaff', 'J.B.')",1,201599,0.43,2,2:06,-18,0,0,2,1:42,-21,1,1,2,inf,0,0
21501009,15,2016-03-16 00:00:00,0,HOU,LAC,"('Bickerstaff', 'J.B.')",1,201599,0.43,2,1:30,-19,1,8,2,0:40,-21,1,2,4,-1,0,0
21501009,15,2016-03-16 00:00:00,0,HOU,LAC,"('Bickerstaff', 'J.B.')",1,201599,0.43,3,7:46,-21,0,0,3,5:56,-21,3,2,2,inf,0,0
21501026,15,2016-03-18 00:00:00,0,DAL,GSW,"('Carlisle', 'Rick')",1,101106,0.48,2,0:50,-4,0,0,2,0:30,-8,1,2,2,inf,0,0
21501029,15,2016-03-19 00:00:00,0,ATL,HOU,"('Budenholzer', 'Mike')",1,2730,0.489,2,5:39,11,0,0,2,5:15,11,1,2,2,inf,0,1
21501035,15,2016-03-19 00:00:00,0,MEM,LAC,"('Joerger', 'David')",1,201599,0.43,4,1:40,11,0,0,4,1:18,9,1,1,2,inf,0,1
21501035,15,2016-03-19 00:00:00,0,LAC,MEM,"('Rivers', 'Doc')",-1,2754,0.652,4,1:17,-9,1,51,4,0:51,-11,2,3,4,-11,0,0
21501037,15,2016-03-20 00:00:00,0,POR,DAL,"('Stotts', 'Terry')",-1,1626257,0.587,5,0:30,-8,0,0,5,0:17,-12,1,2,2,inf,0,0
21501040,15,2016-03-20 00:00:00,0,NOP,LAC,"('Gentry', 'Alvin')",1,201599,0.43,4,8:13,11,0,0,4,7:03,7,3,4,6,inf,0,1
21501040,15,2016-03-20 00:00:00,0,NOP,LAC,"('Gentry', 'Alvin')",1,201599,0.43,4,3:25,12,0,0,4,2:05,11,2,2,2,inf,0,1
21501054,15,2016-03-22 00:00:00,0,OKC,HOU,"('Donovan', 'Billy')",1,203991,0.379,2,5:29,7,0,0,2,5:14,4,0,1,2,inf,0,1
21501058,15,2016-03-23 00:00:00,0,ORL,DET,"('Skiles', 'Scott')",-1,203083,0.355,3,1:45,-9,1,105,3,1:45,-9,0,0,1,-9,0,0
21501061,15,2016-03-23 00:00:00,0,UTA,HOU,"('Snyder', 'Quin')",-1,203991,0.379,1,0:22,-3,0,0,2,11:43,-4,1,1,2,inf,0,1
21501064,15,2016-03-23 00:00:00,0,DEN,PHI,"('Malone', 'Mike')",1,204456,0.634,3,0:03,2,0,0,3,0:01,2,0,0,0,inf,0,1
21501072,15,2016-03-24 00:00:00,0,POR,LAC,"('Stotts', 'Terry')",-1,201599,0.43,2,0:57,-4,1,21,2,0:21,-7,2,3,6,-7,0,0
21501072,15,2016-03-24 00:00:00,0,POR,LAC,"('Stotts', 'Terry')",-1,201599,0.43,4,3:17,7,0,0,4,2:58,7,1,2,2,inf,0,0
21501077,15,2016-03-25 00:00:00,0,TOR,HOU,"('Casey', 'Dwane')",-1,203991,0.379,3,4:17,3,0,0,3,3:40,0,1,1,2,inf,0,0
21501077,15,2016-03-25 00:00:00,0,TOR,HOU,"('Casey', 'Dwane')",-1,203991,0.379,3,3:05,3,0,0,3,2:35,3,1,0,2,inf,0,0
21501077,15,2016-03-25 00:00:00,0,TOR,HOU,"('Casey', 'Dwane')",-1,203991,0.379,3,2:15,5,0,0,3,1:58,4,1,1,2,inf,0,0
21501085,15,2016-03-26 00:00:00,0,ATL,DET,"('Budenholzer', 'Mike')",-1,203083,0.355,2,4:03,12,0,0,2,3:34,11,1,1,2,inf,0,1
21501102,15,2016-03-28 00:00:00,0,NYK,NOP,"('Rambis', 'Kurt')",-1,204025,0.533,4,0:46,-7,0,0,4,0:40,-6,0,1,2,inf,0,0
21501106,15,2016-03-28 00:00:00,0,BOS,LAC,"('Stevens', 'Brad')",-1,201599,0.43,1,0:28,-5,0,0,2,11:49,-6,1,1,2,inf,0,0
21501119,15,2016-03-30 00:00:00,0,GSW,UTA,"('Kerr', 'Steve')",-1,203497,0.569,4,2:37,-2,0,0,4,2:00,0,1,0,2,inf,0,1
21501123,15,2016-03-31 00:00:00,0,IND,ORL,"('Vogel', 'Frank')",1,203901,0.589,2,0:04,-6,0,0,2,0:00,-6,0,0,0,inf,0,0
21501127,15,2016-03-31 00:00:00,0,BOS,POR,"('Stevens', 'Brad')",-1,203486,0.642,4,2:15,-3,0,0,4,1:29,-2,1,1,2,inf,0,0
21501129,15,2016-04-01 00:00:00,0,DAL,DET,"('Carlisle', 'Rick')",-1,203083,0.355,4,4:33,5,1,271,4,4:31,5,0,0,2,9,0,1
21501131,15,2016-04-01 00:00:00,0,ATL,CLE,"('Budenholzer', 'Mike')",1,202684,0.616,4,2:16,1,0,0,4,1:41,2,1,1,2,inf,0,0
21501139,15,2016-04-02 00:00:00,0,CHI,DET,"('Hoiberg', 'Fred')",1,203083,0.355,2,3:35,3,1,211,2,3:31,2,0,1,2,-1,0,0
21501139,15,2016-04-02 00:00:00,0,CHI,DET,"('Hoiberg', 'Fred')",1,203083,0.355,4,5:43,-5,1,322,4,5:22,-3,1,0,2,-4,0,0
21501147,15,2016-04-03 00:00:00,0,WAS,LAC,"('Wittman', 'Randy')",-1,201599,0.43,4,3:01,-10,1,62,4,2:31,-7,1,0,4,1,0,0
21501155,15,2016-04-05 00:00:00,0,MIA,DET,"('Spoelstra', 'Erik')",1,203083,0.355,3,0:18,16,0,0,4,11:38,19,2,0,2,inf,0,1
21501170,15,2016-04-06 00:00:00,0,DAL,HOU,"('Carlisle', 'Rick')",1,2730,0.489,4,3:22,-1,1,107,4,3:06,-1,1,0,2,-1,2,1
21501182,15,2016-04-08 00:00:00,0,WAS,DET,"('Wittman', 'Randy')",-1,203083,0.355,4,8:55,-2,1,531,4,8:51,-2,0,0,2,-13,0,0
21501183,15,2016-04-08 00:00:00,0,IND,TOR,"('Vogel', 'Frank')",-1,203512,0.533,4,4:18,-15,1,249,4,4:09,-15,0,0,2,-13,0,0
21501187,15,2016-04-08 00:00:00,0,LAC,UTA,"('Rivers', 'Doc')",-1,203497,0.569,2,0:07,-5,0,0,3,11:01,-5,2,0,2,inf,0,1
21501196,15,2016-04-10 00:00:00,0,DAL,LAC,"('Carlisle', 'Rick')",-1,201599,0.43,2,0:32,0,1,8,2,0:08,0,1,0,2,-2,0,0
21501196,15,2016-04-10 00:00:00,0,DAL,LAC,"('Carlisle', 'Rick')",-1,201599,0.43,3,7:45,-3,0,0,3,6:43,-6,2,0,2,inf,0,0
21501196,15,2016-04-10 00:00:00,0,DAL,LAC,"('Carlisle', 'Rick')",-1,201599,0.43,3,6:12,-6,0,0,3,5:24,-8,3,1,4,inf,3,0
21501196,15,2016-04-10 00:00:00,0,DAL,LAC,"('Carlisle', 'Rick')",-1,201599,0.43,3,3:45,-6,0,0,3,3:24,-10,1,2,2,inf,0,0
21501196,15,2016-04-10 00:00:00,0,DAL,LAC,"('Carlisle', 'Rick')",-1,201599,0.43,4,2:14,-9,0,0,4,2:02,-10,0,1,2,inf,0,0
21501217,15,2016-04-13 00:00:00,0,BOS,MIA,"('Stevens', 'Brad')",1,202355,0.65,2,0:12,-24,0,0,3,11:25,-24,2,2,2,inf,0,1
21501230,15,2016-04-13 00:00:00,0,DEN,POR,"('Malone', 'Mike')",-1,202334,0.559,1,0:06,2,0,0,2,11:47,4,1,1,2,inf,0,0
41500103,15,2016-04-22 00:00:00,1,CLE,DET,"('Lue', 'Tyronn')",-1,203083,0.355,2,5:19,1,1,308,2,5:08,0,0,1,2,1,0,1
41500103,15,2016-04-22 00:00:00,1,CLE,DET,"('Lue', 'Tyronn')",-1,203083,0.355,4,6:04,4,1,362,4,6:02,4,0,0,2,10,0,1
41500104,15,2016-04-24 00:00:00,1,CLE,DET,"('Lue', 'Tyronn')",-1,203083,0.355,2,5:21,2,0,0,2,4:52,-2,1,2,2,inf,0,1
41500104,15,2016-04-24 00:00:00,1,CLE,DET,"('Lue', 'Tyronn')",-1,203083,0.355,2,4:19,1,0,0,2,3:45,1,1,0,2,inf,0,1
41500104,15,2016-04-24 00:00:00,1,CLE,DET,"('Lue', 'Tyronn')",-1,203083,0.355,3,2:28,4,1,146,3,2:26,3,0,1,2,3,0,1
41500104,15,2016-04-24 00:00:00,1,CLE,DET,"('Lue', 'Tyronn')",-1,203083,0.355,4,6:22,5,1,360,4,6:00,6,1,1,2,2,0,1
41500141,15,2016-04-16 00:00:00,1,GSW,HOU,"('Kerr', 'Steve')",1,203991,0.379,1,0:16,18,0,0,2,11:40,16,1,0,2,inf,0,1
41500142,15,2016-04-18 00:00:00,1,HOU,GSW,"('Bickerstaff', 'J.B.')",-1,203105,0.53,1,0:20,-4,0,0,1,0:00,-3,1,2,2,inf,0,0
41500142,15,2016-04-18 00:00:00,1,HOU,GSW,"('Bickerstaff', 'J.B.')",-1,101106,0.48,2,1:19,-11,1,74,2,1:14,-10,1,0,2,-8,0,0
41500143,15,2016-04-21 00:00:00,1,GSW,HOU,"('Kerr', 'Steve')",-1,2746,0.595,2,0:25,-10,0,0,2,0:00,-7,1,0,2,inf,0,0
41500143,15,2016-04-21 00:00:00,1,GSW,HOU,"('Kerr', 'Steve')",-1,2730,0.489,4,3:07,-4,1,166,4,2:48,-1,1,0,2,1,0,0
41500144,15,2016-04-24 00:00:00,1,HOU,GSW,"('Bickerstaff', 'J.B.')",1,203949,0.531,1,0:38,-4,0,0,1,0:02,-3,1,0,2,inf,0,0
41500144,15,2016-04-24 00:00:00,1,GSW,HOU,"('Kerr', 'Steve')",-1,2730,0.489,2,6:46,-2,0,0,2,6:27,-3,0,1,1,inf,0,1
41500144,15,2016-04-24 00:00:00,1,GSW,HOU,"('Kerr', 'Steve')",-1,2730,0.489,2,3:33,-4,1,138,2,2:18,1,2,1,4,0,0,1
41500161,15,2016-04-16 00:00:00,1,DAL,OKC,"('Carlisle', 'Rick')",-1,203460,0.611,2,0:39,-27,0,0,2,0:00,-26,1,1,2,inf,0,0
41500164,15,2016-04-23 00:00:00,1,DAL,OKC,"('Carlisle', 'Rick')",1,203500,0.582,2,1:35,-8,1,85,2,1:25,-9,0,1,2,-9,0,0
41500165,15,2016-04-25 00:00:00,1,DAL,OKC,"('Carlisle', 'Rick')",-1,203500,0.582,1,2:40,-9,0,0,1,1:49,-12,1,2,4,inf,0,0
41500165,15,2016-04-25 00:00:00,1,DAL,OKC,"('Carlisle', 'Rick')",-1,203500,0.582,2,1:59,-2,0,0,2,1:45,-4,1,2,2,inf,0,0
41500171,15,2016-04-17 00:00:00,1,POR,LAC,"('Stotts', 'Terry')",-1,201599,0.43,1,0:40,-3,1,37,1,0:37,-5,0,2,2,-5,0,0
41500171,15,2016-04-17 00:00:00,1,LAC,POR,"('Rivers', 'Doc')",1,202334,0.559,3,0:07,17,0,0,4,10:45,15,2,4,4,inf,0,1
41500171,15,2016-04-17 00:00:00,1,POR,LAC,"('Stotts', 'Terry')",-1,201599,0.43,4,5:13,-19,0,0,4,4:22,-18,3,3,8,inf,0,0
41500171,15,2016-04-17 00:00:00,1,POR,LAC,"('Stotts', 'Terry')",-1,201599,0.43,4,3:14,-18,1,175,4,2:55,-20,0,2,4,-20,2,0
41500172,15,2016-04-20 00:00:00,1,POR,LAC,"('Stotts', 'Terry')",-1,201599,0.43,2,0:25,-6,1,6,2,0:06,-5,0,0,2,-4,0,0
41500172,15,2016-04-20 00:00:00,1,POR,LAC,"('Stotts', 'Terry')",-1,201599,0.43,3,1:01,-7,1,42,3,0:42,-8,1,1,4,-6,0,0
41500173,15,2016-04-23 00:00:00,1,POR,LAC,"('Stotts', 'Terry')",1,201599,0.43,3,3:09,4,1,174,3,2:54,5,1,1,2,3,0,1
41500173,15,2016-04-23 00:00:00,1,LAC,POR,"('Rivers', 'Doc')",-1,202334,0.559,3,0:26,-3,1,23,3,0:23,-3,1,1,2,-3,0,0
41500173,15,2016-04-23 00:00:00,1,POR,LAC,"('Stotts', 'Terry')",1,201599,0.43,4,1:15,4,0,0,4,0:46,5,1,1,2,inf,0,1
41500175,15,2016-04-27 00:00:00,1,POR,LAC,"('Stotts', 'Terry')",-1,201599,0.43,2,2:59,-2,0,0,2,2:31,-5,1,1,2,inf,0,1
41500175,15,2016-04-27 00:00:00,1,POR,LAC,"('Stotts', 'Terry')",-1,201599,0.43,2,1:47,-2,1,94,2,1:34,-4,1,2,2,-5,0,1
41500175,15,2016-04-27 00:00:00,1,POR,LAC,"('Stotts', 'Terry')",-1,201599,0.43,4,2:32,12,1,37,4,2:23,12,0,0,2,1,0,1
41500176,15,2016-04-29 00:00:00,1,POR,LAC,"('Stotts', 'Terry')",1,201599,0.43,2,4:43,0,0,0,2,3:30,2,2,1,2,inf,0,1
41500176,15,2016-04-29 00:00:00,1,POR,LAC,"('Stotts', 'Terry')",1,201599,0.43,2,2:29,2,1,130,2,2:16,2,1,0,2,-1,0,1
41500203,15,2016-05-06 00:00:00,1,ATL,CLE,"('Budenholzer', 'Mike')",1,202684,0.616,1,5:19,-5,0,0,1,4:40,-3,1,1,2,inf,0,0
41500203,15,2016-05-06 00:00:00,1,ATL,CLE,"('Budenholzer', 'Mike')",1,202684,0.616,3,5:46,6,0,0,3,5:14,7,1,1,2,inf,0,0
41500211,15,2016-05-03 00:00:00,1,TOR,MIA,"('Casey', 'Dwane')",1,1626196,0.667,5,0:15,-4,0,0,5,0:01,-5,2,1,2,inf,0,0
41500217,15,2016-05-15 00:00:00,1,MIA,TOR,"('Spoelstra', 'Erik')",-1,202687,0.628,4,5:09,-18,0,0,4,4:38,-20,1,2,4,inf,4,0
41500223,15,2016-05-07 00:00:00,1,GSW,POR,"('Kerr', 'Steve')",-1,202334,0.559,3,1:27,-10,0,0,3,0:47,-12,1,2,2,inf,0,0
41500224,15,2016-05-09 00:00:00,1,POR,GSW,"('Stotts', 'Terry')",1,101106,0.48,2,4:37,9,0,0,2,4:22,6,1,1,2,inf,0,0
41500224,15,2016-05-09 00:00:00,1,POR,GSW,"('Stotts', 'Terry')",1,101106,0.48,2,3:15,5,1,176,2,2:56,4,2,2,4,10,0,0
41500224,15,2016-05-09 00:00:00,1,GSW,POR,"('Kerr', 'Steve')",-1,202334,0.559,2,2:33,-3,0,0,2,2:13,-6,0,1,2,inf,2,1
41500311,15,2016-05-16 00:00:00,1,OKC,GSW,"('Donovan', 'Billy')",-1,203105,0.53,3,1:39,-6,1,98,3,1:38,-6,1,1,2,-3,0,1
41500312,15,2016-05-18 00:00:00,1,OKC,GSW,"('Donovan', 'Billy')",-1,203105,0.53,3,0:14,-18,0,0,4,11:03,-23,0,0,2,inf,2,0
41500314,15,2016-05-24 00:00:00,1,OKC,GSW,"('Donovan', 'Billy')",1,203105,0.53,2,6:03,8,0,0,2,5:40,8,1,0,2,inf,0,1
41500314,15,2016-05-24 00:00:00,1,OKC,GSW,"('Donovan', 'Billy')",1,203105,0.53,2,4:03,13,0,0,2,3:16,13,2,0,2,inf,0,1
41500314,15,2016-05-24 00:00:00,1,GSW,OKC,"('Kerr', 'Steve')",-1,203460,0.611,2,2:48,-15,0,0,2,2:16,-18,1,0,2,inf,0,0
41500314,15,2016-05-24 00:00:00,1,GSW,OKC,"('Kerr', 'Steve')",-1,203460,0.611,2,1:04,-18,0,0,2,0:38,-19,1,1,2,inf,0,0
41500314,15,2016-05-24 00:00:00,1,GSW,OKC,"('Kerr', 'Steve')",-1,203460,0.611,2,0:33,-19,0,0,2,0:02,-19,1,0,2,inf,0,0
41500316,15,2016-05-28 00:00:00,1,OKC,GSW,"('Donovan', 'Billy')",1,101106,0.48,2,1:53,6,1,93,2,1:33,7,1,1,2,5,0,0
41500316,15,2016-05-28 00:00:00,1,OKC,GSW,"('Donovan', 'Billy')",1,101106,0.48,3,2:16,4,1,115,3,1:55,6,1,0,2,8,0,0
41500316,15,2016-05-28 00:00:00,1,GSW,OKC,"('Kerr', 'Steve')",-1,203460,0.611,4,4:48,-4,1,105,4,4:32,-5,0,1,2,1,0,1
41500405,15,2016-06-13 00:00:00,1,GSW,CLE,"('Kerr', 'Steve')",1,202684,0.616,3,3:48,-8,0,0,3,3:04,-9,1,1,2,inf,0,0
41500405,15,2016-06-13 00:00:00,1,GSW,CLE,"('Kerr', 'Steve')",1,202684,0.616,3,2:39,-7,0,0,3,1:48,-11,1,2,4,inf,0,0
21400003,14,2014-10-28 00:00:00,0,LAL,HOU,"('Scott', 'Byron')",1,202700,0.602,4,6:46,-26,0,0,4,6:07,-25,1,1,2,inf,0,0
21400020,14,2014-10-30 00:00:00,0,LAC,OKC,"('Rivers', 'Doc')",1,203500,0.502,3,5:36,1,0,0,3,5:05,1,1,2,2,inf,0,1
21400022,14,2014-10-31 00:00:00,0,CHI,CLE,"('Thibodeau', 'Tom')",1,202684,0.641,5,0:12,-4,0,0,5,0:04,-4,1,2,2,inf,0,0
21400152,14,2014-11-17 00:00:00,0,SAS,PHI,"('Popovich', 'Gregg')",1,203487,0.643,4,3:05,23,1,167,4,2:47,22,0,1,2,25,0,1
21400176,14,2014-11-21 00:00:00,0,MEM,BOS,"('Joerger', 'David')",1,203515,0.673,4,1:23,17,0,0,4,1:00,17,0,2,2,inf,0,1
21400198,14,2014-11-24 00:00:00,0,CHA,LAC,"('Clifford', 'Steve')",1,201599,0.397,4,2:10,-14,0,0,4,1:36,-16,1,2,2,inf,0,0
21400203,14,2014-11-24 00:00:00,0,DAL,IND,"('Carlisle', 'Rick')",1,101133,0.304,4,2:07,-8,0,0,4,1:32,-8,1,0,2,inf,0,0
21400217,14,2014-11-26 00:00:00,0,SAC,HOU,"('Malone', 'Mike')",-1,201595,0.289,3,1:00,-4,1,27,3,0:27,-2,2,0,4,-4,0,0
21400241,14,2014-11-30 00:00:00,0,SAS,BOS,"('Popovich', 'Gregg')",-1,203515,0.673,4,3:56,19,0,0,4,2:57,19,2,1,2,inf,0,1
21400244,14,2014-11-30 00:00:00,0,SAC,MEM,"('Malone', 'Mike')",1,2754,0.627,4,3:32,-8,0,0,4,2:47,-10,2,2,2,inf,0,0
21400265,14,2014-12-03 00:00:00,0,DET,BOS,"('Van Gundy', 'Stan')",-1,203482,0.684,5,0:28,-5,0,0,5,0:13,-3,1,1,2,inf,0,0
21400272,14,2014-12-03 00:00:00,0,ORL,LAC,"('Vaughn', 'Jacque')",-1,201599,0.397,2,1:14,-12,0,0,2,0:29,-13,2,2,4,inf,0,0
21400310,14,2014-12-09 00:00:00,0,DAL,MEM,"('Carlisle', 'Rick')",-1,2754,0.627,4,0:48,-8,0,0,4,0:32,-10,1,2,2,inf,0,0
21400312,14,2014-12-09 00:00:00,0,MIL,OKC,"('Kidd', 'Jason')",-1,202397,0.667,4,0:45,-17,0,0,4,0:10,-16,2,0,2,inf,0,0
21400361,14,2014-12-15 00:00:00,0,SAS,POR,"('Popovich', 'Gregg')",-1,203080,0.438,4,2:21,-12,0,0,4,1:53,-13,1,1,2,inf,0,0
21400376,14,2014-12-17 00:00:00,0,MIL,POR,"('Kidd', 'Jason')",-1,203080,0.438,4,2:43,-12,1,12,4,2:07,-11,3,3,8,1,0,0
21400377,14,2014-12-17 00:00:00,0,IND,LAC,"('Vogel', 'Frank')",-1,201599,0.397,2,3:06,-1,0,0,2,2:47,-4,1,1,2,inf,0,0
21400377,14,2014-12-17 00:00:00,0,IND,LAC,"('Vogel', 'Frank')",-1,201599,0.397,2,0:36,-1,1,4,2,0:04,-1,1,0,2,-1,0,0
21400405,14,2014-12-21 00:00:00,0,ORL,PHI,"('Vaughn', 'Jacque')",1,203487,0.643,4,1:32,-8,0,0,4,0:45,-11,3,4,4,inf,0,0
21400418,14,2014-12-23 00:00:00,0,BOS,ORL,"('Stevens', 'Brad')",-1,203901,0.551,4,3:49,-10,1,210,4,3:30,-9,1,0,2,-5,0,0
21400425,14,2014-12-23 00:00:00,0,DAL,PHX,"('Carlisle', 'Rick')",-1,203101,0.5,3,1:31,-17,0,0,3,1:13,-19,1,2,2,inf,0,0
21400428,14,2014-12-25 00:00:00,0,SAS,OKC,"('Popovich', 'Gregg')",1,203460,0.479,4,2:03,-6,0,0,4,1:45,-7,1,1,2,inf,0,0
21400435,14,2014-12-26 00:00:00,0,IND,DET,"('Vogel', 'Frank')",-1,203083,0.389,4,4:31,-10,1,237,4,3:57,-7,2,1,4,-10,0,0
21400436,14,2014-12-26 00:00:00,0,MEM,HOU,"('Joerger', 'David')",1,2730,0.528,5,0:19,-2,0,0,5,0:00,-6,1,2,2,inf,0,0
21400454,14,2014-12-28 00:00:00,0,SAS,HOU,"('Popovich', 'Gregg')",1,201595,0.289,3,0:51,0,0,0,4,11:38,1,3,1,4,inf,0,1
21400465,14,2014-12-30 00:00:00,0,ORL,DET,"('Vaughn', 'Jacque')",1,203083,0.389,3,2:25,-12,1,136,3,2:16,-14,0,0,2,-10,2,0
21400491,14,2015-01-02 00:00:00,0,PHX,PHI,"('Hornacek', 'Jeff')",1,203100,0.667,3,1:26,7,0,0,3,1:20,6,0,1,2,inf,0,1
21400498,14,2015-01-03 00:00:00,0,MIN,UTA,"('Saunders', 'Flip')",1,203497,0.623,4,1:51,-17,0,0,4,1:16,-16,1,1,2,inf,0,0
21400502,14,2015-01-03 00:00:00,0,LAC,PHI,"('Rivers', 'Doc')",1,203100,0.667,2,4:52,12,0,0,2,4:02,8,1,2,2,inf,0,1
21400504,14,2015-01-04 00:00:00,0,SAC,DET,"('Corbin', 'Tyrone')",-1,203083,0.389,4,2:27,-14,0,0,4,1:39,-19,1,2,3,inf,0,0
21400532,14,2015-01-07 00:00:00,0,SAC,OKC,"('Corbin', 'Tyrone')",1,202397,0.667,4,2:24,24,0,0,4,1:56,22,1,2,2,inf,0,1
21400533,14,2015-01-07 00:00:00,0,IND,GSW,"('Vogel', 'Frank')",-1,2738,0.596,4,1:39,-14,0,0,4,0:53,-16,1,1,2,inf,2,0
21400559,14,2015-01-11 00:00:00,0,LAC,MIA,"('Rivers', 'Doc')",1,202355,0.5,4,3:00,-8,1,41,4,2:42,-9,0,1,2,-1,0,0
21400582,14,2015-01-14 00:00:00,0,MIA,GSW,"('Spoelstra', 'Erik')",-1,101106,0.524,4,4:33,-12,1,200,4,3:20,-12,3,4,4,-15,0,0
21400599,14,2015-01-16 00:00:00,0,CLE,LAC,"('Blatt', 'David')",-1,201599,0.397,3,5:32,-6,1,242,3,4:02,-7,4,4,8,-3,0,1
21400607,14,2015-01-17 00:00:00,0,SAC,LAC,"('Corbin', 'Tyrone')",1,201599,0.397,4,5:30,-11,0,0,4,4:58,-9,1,0,2,inf,0,0
21400607,14,2015-01-17 00:00:00,0,SAC,LAC,"('Corbin', 'Tyrone')",1,201599,0.397,4,4:51,-7,1,262,4,4:22,-7,1,1,2,-9,0,0
21400613,14,2015-01-19 00:00:00,0,ATL,DET,"('Budenholzer', 'Mike')",1,203083,0.389,2,0:22,4,0,0,3,11:26,3,2,1,2,inf,0,1
21400613,14,2015-01-19 00:00:00,0,ATL,DET,"('Budenholzer', 'Mike')",1,203083,0.389,3,0:29,8,0,0,4,11:39,7,0,1,2,inf,0,1
21400614,14,2015-01-19 00:00:00,0,BOS,LAC,"('Stevens', 'Brad')",-1,201599,0.397,4,2:59,-5,1,30,4,2:20,-6,2,1,4,1,0,0
21400659,14,2015-01-25 00:00:00,0,PHX,LAC,"('Hornacek', 'Jeff')",1,201599,0.397,4,4:48,-11,0,0,4,4:10,-15,1,2,2,inf,0,0
21400659,14,2015-01-25 00:00:00,0,PHX,LAC,"('Hornacek', 'Jeff')",1,201599,0.397,4,3:29,-15,1,115,4,1:55,-18,4,5,10,-20,6,0
21400706,14,2015-01-31 00:00:00,0,ORL,DAL,"('Vaughn', 'Jacque')",1,2210,0.684,1,4:12,-13,1,252,1,4:12,-13,0,0,0,-17,0,0
21400707,14,2015-01-31 00:00:00,0,WAS,TOR,"('Wittman', 'Randy')",1,101161,0.612,5,0:10,-4,0,0,5,0:06,-3,1,1,2,inf,0,0
21400710,14,2015-01-31 00:00:00,0,OKC,MEM,"('Brooks', 'Scott')",-1,2754,0.627,4,7:35,-11,0,0,4,6:46,-15,1,2,2,inf,0,0
21400716,14,2015-02-01 00:00:00,0,BOS,MIA,"('Stevens', 'Brad')",1,204020,0.681,4,0:51,-8,0,0,4,0:33,-8,2,1,2,inf,0,0
21400735,14,2015-02-04 00:00:00,0,CHI,HOU,"('Thibodeau', 'Tom')",-1,2746,0.468,4,2:26,-10,0,0,4,1:58,-11,1,1,2,inf,0,0
21400765,14,2015-02-08 00:00:00,0,OKC,LAC,"('Brooks', 'Scott')",1,201599,0.397,2,3:35,10,0,0,2,2:49,11,1,1,2,inf,0,1
21400790,14,2015-02-11 00:00:00,0,SAS,DET,"('Popovich', 'Gregg')",-1,203083,0.389,2,0:13,11,0,0,2,0:01,9,1,1,2,inf,0,1
21400799,14,2015-02-11 00:00:00,0,HOU,LAC,"('McHale', 'Kevin')",-1,201599,0.397,4,3:26,-12,0,0,4,2:10,-12,6,5,12,inf,0,0
21400802,14,2015-02-19 00:00:00,0,SAS,LAC,"('Popovich', 'Gregg')",-1,201599,0.397,2,3:54,-1,0,0,2,3:26,-3,1,1,2,inf,0,0
21400802,14,2015-02-19 00:00:00,0,SAS,LAC,"('Popovich', 'Gregg')",-1,201599,0.397,2,3:07,0,1,54,2,1:22,5,3,3,10,1,0,0
21400802,14,2015-02-19 00:00:00,0,SAS,LAC,"('Popovich', 'Gregg')",-1,201599,0.397,4,7:12,-3,0,0,4,6:27,-3,2,2,4,inf,0,0
21400802,14,2015-02-19 00:00:00,0,SAS,LAC,"('Popovich', 'Gregg')",-1,201599,0.397,4,6:03,-2,1,131,4,4:26,-4,2,2,8,1,0,0
21400806,14,2015-02-20 00:00:00,0,CHI,DET,"('Thibodeau', 'Tom')",-1,203083,0.389,4,2:57,-9,0,0,4,2:23,-9,2,2,6,inf,0,0
21400837,14,2015-02-23 00:00:00,0,MEM,LAC,"('Joerger', 'David')",-1,201599,0.397,4,3:52,4,0,0,4,3:21,3,1,1,2,inf,0,1
21400842,14,2015-02-25 00:00:00,0,ORL,MIA,"('Borrego', 'James')",1,2365,0.667,2,1:40,3,0,0,2,1:14,2,1,2,2,inf,0,0
21400864,14,2015-02-27 00:00:00,0,MEM,LAC,"('Joerger', 'David')",1,201599,0.397,3,2:09,-9,0,0,3,1:33,-8,1,1,2,inf,0,0
21400864,14,2015-02-27 00:00:00,0,MEM,LAC,"('Joerger', 'David')",1,201599,0.397,4,3:05,-12,0,0,4,1:42,-17,4,5,8,inf,0,0
21400877,14,2015-03-01 00:00:00,0,CHI,LAC,"('Thibodeau', 'Tom')",1,201599,0.397,4,4:05,-3,0,0,4,3:39,-4,1,1,2,inf,0,0
21400877,14,2015-03-01 00:00:00,0,CHI,LAC,"('Thibodeau', 'Tom')",1,201599,0.397,4,2:41,-6,0,0,4,1:50,-10,2,2,4,inf,0,0
21400884,14,2015-03-01 00:00:00,0,DEN,NOP,"('Shaw', 'Brian')",1,202708,0.696,4,0:47,-6,0,0,4,0:38,-7,1,1,2,inf,0,0
21400888,14,2015-03-02 00:00:00,0,MIN,LAC,"('Saunders', 'Flip')",1,201599,0.397,4,2:13,-3,0,0,4,1:32,-4,2,0,2,inf,0,0
21400908,14,2015-03-04 00:00:00,0,POR,LAC,"('Stotts', 'Terry')",-1,201599,0.397,4,4:01,-8,0,0,4,3:10,-8,2,0,4,inf,0,1
21400908,14,2015-03-04 00:00:00,0,POR,LAC,"('Stotts', 'Terry')",-1,201599,0.397,4,2:45,-10,1,92,4,2:38,-9,1,0,2,1,0,1
21400912,14,2015-03-06 00:00:00,0,CHI,IND,"('Thibodeau', 'Tom')",-1,101133,0.304,4,3:01,-9,1,42,4,2:28,-10,2,3,6,1,4,0
21400912,14,2015-03-06 00:00:00,0,CHI,IND,"('Thibodeau', 'Tom')",-1,101133,0.304,4,1:00,-12,1,53,4,0:53,-12,1,2,2,-14,0,0
21400957,14,2015-03-11 00:00:00,0,OKC,LAC,"('Brooks', 'Scott')",1,201599,0.397,4,8:23,-17,0,0,4,7:22,-15,3,2,6,inf,0,0
21400957,14,2015-03-11 00:00:00,0,OKC,LAC,"('Brooks', 'Scott')",1,201599,0.397,4,7:00,-13,0,0,4,6:36,-14,1,1,2,inf,0,0
21400957,14,2015-03-11 00:00:00,0,OKC,LAC,"('Brooks', 'Scott')",1,201599,0.397,4,3:52,-15,0,0,4,1:56,-18,3,4,6,inf,0,0
21400958,14,2015-03-11 00:00:00,0,DEN,ATL,"('Hunt', 'Melvin')",1,203145,0.6,3,0:57,31,0,0,3,0:06,30,2,2,2,inf,0,1
21400959,14,2015-03-11 00:00:00,0,PHX,MIN,"('Hornacek', 'Jeff')",1,203485,0.632,4,1:14,14,0,0,4,0:55,11,1,1,2,inf,0,1
21400969,14,2015-03-13 00:00:00,0,BOS,ORL,"('Stevens', 'Brad')",1,203901,0.551,3,0:35,-8,0,0,3,0:12,-6,1,1,2,inf,0,1
21400977,14,2015-03-14 00:00:00,0,WAS,SAC,"('Wittman', 'Randy')",1,203492,0.679,2,0:57,-16,0,0,2,0:42,-17,0,1,2,inf,0,1
21400983,14,2015-03-15 00:00:00,0,LAC,HOU,"('Rivers', 'Doc')",1,201595,0.289,1,0:12,9,0,0,1,0:00,9,1,0,2,inf,0,0
21401001,14,2015-03-17 00:00:00,0,SAS,NYK,"('Popovich', 'Gregg')",-1,200811,0.6,5,0:08,-1,0,0,5,0:03,-2,1,1,2,inf,0,0
21401004,14,2015-03-17 00:00:00,0,CHA,LAC,"('Clifford', 'Steve')",-1,201599,0.397,4,4:20,-4,0,0,4,4:00,-5,1,1,2,inf,0,0
21401004,14,2015-03-17 00:00:00,0,CHA,LAC,"('Clifford', 'Steve')",-1,201599,0.397,4,3:47,-4,0,0,4,2:12,-4,2,2,4,inf,0,0
21401027,14,2015-03-20 00:00:00,0,DAL,MEM,"('Carlisle', 'Rick')",1,2754,0.627,4,2:40,-14,1,45,4,2:08,-14,3,3,6,-1,0,0
21401044,14,2015-03-22 00:00:00,0,ORL,DEN,"('Borrego', 'James')",1,203115,0.667,2,4:19,-22,0,0,2,4:00,-25,1,1,2,inf,0,0
21401052,14,2015-03-23 00:00:00,0,MIN,UTA,"('Saunders', 'Flip')",-1,203497,0.623,4,1:26,-4,0,0,4,1:02,-3,1,1,2,inf,0,1
21401074,14,2015-03-27 00:00:00,0,ORL,DET,"('Borrego', 'James')",1,203083,0.389,3,4:00,-6,0,0,3,3:42,-6,1,0,2,inf,0,0
21401074,14,2015-03-27 00:00:00,0,ORL,DET,"('Borrego', 'James')",1,203083,0.389,3,3:25,-8,0,0,3,3:05,-10,1,2,2,inf,0,0
21401095,14,2015-03-29 00:00:00,0,BOS,LAC,"('Stevens', 'Brad')",1,201599,0.397,2,0:37,-24,1,30,2,0:30,-24,0,1,2,-21,0,0
21401095,14,2015-03-29 00:00:00,0,BOS,LAC,"('Stevens', 'Brad')",1,201599,0.397,4,4:15,-14,0,0,4,3:13,-13,3,0,6,inf,2,0
21401095,14,2015-03-29 00:00:00,0,BOS,LAC,"('Stevens', 'Brad')",1,201599,0.397,4,2:55,-13,0,0,4,2:50,-14,0,1,2,inf,0,0
21401095,14,2015-03-29 00:00:00,0,BOS,LAC,"('Stevens', 'Brad')",1,201599,0.397,4,2:34,-14,0,0,4,2:24,-15,1,1,2,inf,2,0
21401097,14,2015-03-29 00:00:00,0,WAS,HOU,"('Wittman', 'Randy')",1,201595,0.289,3,0:45,-8,1,28,3,0:28,-7,1,1,2,-9,0,0
21401097,14,2015-03-29 00:00:00,0,WAS,HOU,"('Wittman', 'Randy')",1,2730,0.528,4,2:38,-10,0,0,4,1:32,-8,2,3,4,inf,0,0
21401100,14,2015-03-29 00:00:00,0,PHX,OKC,"('Hornacek', 'Jeff')",1,203500,0.502,4,3:26,-11,1,187,4,3:07,-9,1,0,2,-12,0,0
21401120,14,2015-04-01 00:00:00,0,DAL,OKC,"('Carlisle', 'Rick')",-1,203500,0.502,4,2:51,-1,0,0,4,2:12,-2,1,1,2,inf,0,1
21401122,14,2015-04-01 00:00:00,0,POR,LAC,"('Stotts', 'Terry')",1,201599,0.397,4,2:44,-9,1,31,4,2:18,-8,1,2,6,-1,0,0
21401125,14,2015-04-02 00:00:00,0,DAL,HOU,"('Carlisle', 'Rick')",1,201595,0.289,1,1:28,0,1,50,1,0:50,-3,1,0,2,-3,3,0
21401125,14,2015-04-02 00:00:00,0,DAL,HOU,"('Carlisle', 'Rick')",1,203991,0.174,2,5:30,2,1,319,2,5:19,3,1,0,2,8,0,0
21401125,14,2015-04-02 00:00:00,0,DAL,HOU,"('Carlisle', 'Rick')",1,2746,0.468,3,1:55,4,0,0,3,1:32,2,1,2,2,inf,0,0
21401144,14,2015-04-04 00:00:00,0,DEN,LAC,"('Hunt', 'Melvin')",1,201599,0.397,3,2:40,-14,1,101,3,1:41,-13,3,4,6,-12,0,0
21401147,14,2015-04-05 00:00:00,0,OKC,HOU,"('Brooks', 'Scott')",1,201595,0.289,3,2:43,-8,1,110,3,1:50,-7,2,2,6,-6,3,0
21401147,14,2015-04-05 00:00:00,0,OKC,HOU,"('Brooks', 'Scott')",1,2730,0.528,4,1:11,-7,0,0,4,0:36,-4,1,0,2,inf,0,0
21401153,14,2015-04-05 00:00:00,0,LAC,LAL,"('Rivers', 'Doc')",-1,204028,0.517,2,1:57,16,0,0,2,1:30,13,1,2,2,inf,0,1
21401168,14,2015-04-08 00:00:00,0,SAS,HOU,"('Popovich', 'Gregg')",1,201595,0.289,1,0:45,-6,0,0,1,0:26,-4,1,0,2,inf,0,1
21401168,14,2015-04-08 00:00:00,0,SAS,HOU,"('Popovich', 'Gregg')",1,2730,0.528,3,1:26,14,0,0,3,1:00,12,1,2,2,inf,0,1
21401179,14,2015-04-10 00:00:00,0,IND,DET,"('Vogel', 'Frank')",-1,203083,0.389,4,3:03,1,1,124,4,2:44,3,1,0,2,1,0,1
21401181,14,2015-04-10 00:00:00,0,SAS,HOU,"('Popovich', 'Gregg')",-1,2746,0.468,3,4:24,0,0,0,3,3:59,-3,1,0,2,inf,0,1
21401181,14,2015-04-10 00:00:00,0,SAS,HOU,"('Popovich', 'Gregg')",-1,2746,0.468,3,3:22,-2,0,0,3,2:59,-3,1,1,2,inf,0,1
21401181,14,2015-04-10 00:00:00,0,SAS,HOU,"('Popovich', 'Gregg')",-1,2746,0.468,3,2:43,-1,1,107,3,1:47,-1,2,2,6,5,0,1
21401181,14,2015-04-10 00:00:00,0,SAS,HOU,"('Popovich', 'Gregg')",-1,2746,0.468,4,7:53,4,0,0,4,7:03,0,3,5,6,inf,4,1
21401181,14,2015-04-10 00:00:00,0,SAS,HOU,"('Popovich', 'Gregg')",-1,2746,0.468,4,6:34,2,0,0,4,4:12,0,4,4,10,inf,0,1
21401199,14,2015-04-12 00:00:00,0,NOP,HOU,"('Williams', 'Monty')",-1,201595,0.289,1,0:20,5,0,0,1,0:00,6,1,2,2,inf,0,0
21401199,14,2015-04-12 00:00:00,0,NOP,HOU,"('Williams', 'Monty')",-1,2746,0.468,4,5:04,-8,0,0,4,4:35,-11,1,1,2,inf,0,0
21401199,14,2015-04-12 00:00:00,0,NOP,HOU,"('Williams', 'Monty')",-1,2746,0.468,4,3:49,-9,1,200,4,3:20,-12,1,3,4,-7,0,0
21401199,14,2015-04-12 00:00:00,0,NOP,HOU,"('Williams', 'Monty')",-1,2730,0.528,4,3:10,-10,0,0,4,2:15,-9,4,3,6,inf,0,0
21401201,14,2015-04-12 00:00:00,0,LAL,DAL,"('Scott', 'Byron')",1,200765,0.333,2,1:45,-3,0,0,2,1:06,-6,1,2,2,inf,0,0
21401201,14,2015-04-12 00:00:00,0,DAL,LAL,"('Carlisle', 'Rick')",-1,204028,0.517,2,0:14,5,0,0,3,11:17,5,2,2,2,inf,0,1
21401202,14,2015-04-13 00:00:00,0,HOU,CHA,"('McHale', 'Kevin')",-1,202687,0.583,3,2:41,8,0,0,3,1:54,3,2,3,4,inf,0,1
21401209,14,2015-04-13 00:00:00,0,POR,OKC,"('Stotts', 'Terry')",-1,203500,0.502,4,3:40,-13,1,211,4,3:31,-14,0,2,2,-11,0,0
21401211,14,2015-04-13 00:00:00,0,LAL,SAC,"('Scott', 'Byron')",-1,203492,0.679,2,3:34,4,0,0,2,2:59,0,1,2,2,inf,0,0
21401213,14,2015-04-13 00:00:00,0,DEN,LAC,"('Hunt', 'Melvin')",-1,201599,0.397,3,2:37,1,0,0,3,2:16,-2,1,1,2,inf,0,0
21401213,14,2015-04-13 00:00:00,0,DEN,LAC,"('Hunt', 'Melvin')",-1,201175,0.632,3,1:46,-2,0,0,3,0:59,-5,1,4,4,inf,0,0
21401213,14,2015-04-13 00:00:00,0,DEN,LAC,"('Hunt', 'Melvin')",-1,201599,0.397,4,2:49,1,0,0,4,2:26,-4,1,2,2,inf,0,0
21401220,14,2015-04-15 00:00:00,0,IND,MEM,"('Vogel', 'Frank')",-1,201979,0.533,2,4:23,-10,0,0,2,3:49,-9,1,1,2,inf,0,0
21401220,14,2015-04-15 00:00:00,0,IND,MEM,"('Vogel', 'Frank')",-1,201979,0.533,4,0:48,-12,0,0,4,0:38,-13,1,1,2,inf,0,0
21401223,14,2015-04-15 00:00:00,0,SAS,NOP,"('Popovich', 'Gregg')",-1,201600,0.582,4,7:58,-5,1,416,4,6:56,-5,3,3,6,-5,0,0
41400102,14,2015-04-22 00:00:00,1,ATL,BKN,"('Budenholzer', 'Mike')",1,203486,0.495,3,2:58,5,1,11,3,2:44,7,1,0,2,-1,0,1
41400114,14,2015-04-26 00:00:00,1,BOS,CLE,"('Stevens', 'Brad')",1,202684,0.641,4,2:06,-12,0,0,4,1:10,-11,2,1,2,inf,0,0
41400114,14,2015-04-26 00:00:00,1,BOS,CLE,"('Stevens', 'Brad')",1,202697,0.676,4,1:00,-9,0,0,4,0:44,-9,1,4,4,inf,0,0
41400141,14,2015-04-18 00:00:00,1,NOP,GSW,"('Williams', 'Monty')",-1,2738,0.596,4,2:22,-10,0,0,4,1:40,-10,3,2,4,inf,0,0
41400151,14,2015-04-18 00:00:00,1,DAL,HOU,"('Carlisle', 'Rick')",-1,203991,0.174,1,0:54,-14,0,0,1,0:21,-13,1,1,2,inf,0,0
41400151,14,2015-04-18 00:00:00,1,DAL,HOU,"('Carlisle', 'Rick')",-1,2746,0.468,4,4:09,-10,1,184,4,4:08,-11,0,1,2,1,0,0
41400151,14,2015-04-18 00:00:00,1,DAL,HOU,"('Carlisle', 'Rick')",-1,203093,0.606,4,0:51,-11,0,0,4,0:43,-10,1,2,2,inf,0,0
41400152,14,2015-04-21 00:00:00,1,DAL,HOU,"('Carlisle', 'Rick')",-1,2730,0.528,1,0:32,2,0,0,1,0:01,2,2,2,2,inf,0,0
41400152,14,2015-04-21 00:00:00,1,DAL,HOU,"('Carlisle', 'Rick')",-1,203991,0.174,3,3:29,-5,0,0,3,2:18,-3,2,1,2,inf,0,0
41400153,14,2015-04-24 00:00:00,1,DAL,HOU,"('Carlisle', 'Rick')",1,203991,0.174,1,2:59,-7,0,0,1,2:13,-9,2,2,2,inf,0,0
41400153,14,2015-04-24 00:00:00,1,DAL,HOU,"('Carlisle', 'Rick')",1,2730,0.528,4,5:55,-9,0,0,4,4:49,-10,2,3,4,inf,0,0
41400154,14,2015-04-26 00:00:00,1,DAL,HOU,"('Carlisle', 'Rick')",1,203991,0.174,1,1:11,-5,0,0,1,0:49,-9,1,2,2,inf,0,1
41400154,14,2015-04-26 00:00:00,1,DAL,HOU,"('Carlisle', 'Rick')",1,2746,0.468,2,8:50,-7,0,0,2,8:24,-10,1,1,2,inf,0,1
41400154,14,2015-04-26 00:00:00,1,DAL,HOU,"('Carlisle', 'Rick')",1,2730,0.528,2,7:02,-5,0,0,2,6:36,-5,1,1,2,inf,0,1
41400154,14,2015-04-26 00:00:00,1,DAL,HOU,"('Carlisle', 'Rick')",1,2730,0.528,2,3:25,5,0,0,2,2:48,5,1,0,2,inf,0,1
41400154,14,2015-04-26 00:00:00,1,DAL,HOU,"('Carlisle', 'Rick')",1,2746,0.468,3,2:48,20,0,0,3,2:26,21,1,1,2,inf,0,1
41400155,14,2015-04-28 00:00:00,1,DAL,HOU,"('Carlisle', 'Rick')",-1,2746,0.468,2,1:06,-3,0,0,2,0:41,-4,1,1,2,inf,0,0
41400155,14,2015-04-28 00:00:00,1,DAL,HOU,"('Carlisle', 'Rick')",-1,2746,0.468,2,0:34,-2,0,0,2,0:02,-6,1,1,2,inf,3,0
41400155,14,2015-04-28 00:00:00,1,DAL,HOU,"('Carlisle', 'Rick')",-1,2730,0.528,3,5:21,-13,0,0,3,4:01,-10,3,2,6,inf,0,0
41400155,14,2015-04-28 00:00:00,1,DAL,HOU,"('Carlisle', 'Rick')",-1,2730,0.528,3,2:43,-10,0,0,3,1:40,-10,2,2,4,inf,0,0
41400161,14,2015-04-19 00:00:00,1,SAS,LAC,"('Popovich', 'Gregg')",-1,201599,0.397,2,1:34,-6,1,20,2,0:20,-6,3,4,8,-6,0,0
41400162,14,2015-04-22 00:00:00,1,SAS,LAC,"('Popovich', 'Gregg')",-1,201599,0.397,3,2:41,3,1,108,3,1:48,2,2,2,4,3,0,1
41400162,14,2015-04-22 00:00:00,1,SAS,LAC,"('Popovich', 'Gregg')",-1,201599,0.397,4,4:51,5,0,0,4,3:52,2,2,3,6,inf,2,1
41400162,14,2015-04-22 00:00:00,1,SAS,LAC,"('Popovich', 'Gregg')",-1,201599,0.397,4,2:50,2,0,0,4,2:23,2,1,0,2,inf,0,1
41400164,14,2015-04-26 00:00:00,1,SAS,LAC,"('Popovich', 'Gregg')",1,201599,0.397,3,2:46,1,1,166,3,2:46,1,0,0,2,-5,0,0
41400165,14,2015-04-28 00:00:00,1,SAS,LAC,"('Popovich', 'Gregg')",-1,201599,0.397,2,4:39,-1,1,237,2,3:57,2,2,2,6,-1,0,1
41400165,14,2015-04-28 00:00:00,1,SAS,LAC,"('Popovich', 'Gregg')",-1,201599,0.397,3,5:22,1,1,206,3,3:26,4,6,5,10,0,0,1
41400166,14,2015-04-30 00:00:00,1,SAS,LAC,"('Popovich', 'Gregg')",1,201599,0.397,2,7:13,9,0,0,2,5:40,9,3,4,6,inf,0,0
41400166,14,2015-04-30 00:00:00,1,SAS,LAC,"('Popovich', 'Gregg')",1,201599,0.397,4,2:43,-4,0,0,4,2:21,-6,1,0,2,inf,0,0
41400167,14,2015-05-02 00:00:00,1,SAS,LAC,"('Popovich', 'Gregg')",-1,201599,0.397,2,0:38,-1,0,0,3,11:42,-2,2,1,4,inf,3,0
41400167,14,2015-05-02 00:00:00,1,SAS,LAC,"('Popovich', 'Gregg')",-1,201599,0.397,3,2:54,-2,1,161,3,2:41,-2,0,0,2,-1,0,0
41400173,14,2015-04-25 00:00:00,1,POR,MEM,"('Stotts', 'Terry')",1,2754,0.627,4,1:09,-6,1,0,4,1:03,-7,0,2,2,-1,0,0
41400173,14,2015-04-25 00:00:00,1,POR,MEM,"('Stotts', 'Terry')",1,201979,0.533,4,0:48,-7,0,0,4,0:33,-6,1,1,2,inf,0,0
41400231,14,2015-05-04 00:00:00,1,LAC,HOU,"('Rivers', 'Doc')",-1,2746,0.468,2,1:34,-3,0,0,2,1:18,-4,1,1,2,inf,0,1
41400231,14,2015-05-04 00:00:00,1,LAC,HOU,"('Rivers', 'Doc')",-1,2730,0.528,2,0:15,-5,1,4,2,0:04,-5,1,1,2,-4,0,1
41400231,14,2015-05-04 00:00:00,1,HOU,LAC,"('McHale', 'Kevin')",1,201599,0.397,3,3:41,-1,0,0,3,3:29,-4,1,1,2,inf,0,0
41400231,14,2015-05-04 00:00:00,1,LAC,HOU,"('Rivers', 'Doc')",-1,2730,0.528,4,2:37,10,1,149,4,2:29,10,1,1,2,16,0,1
41400232,14,2015-05-06 00:00:00,1,LAC,HOU,"('Rivers', 'Doc')",-1,2746,0.468,3,4:24,6,0,0,3,3:52,7,1,1,2,inf,0,0
41400232,14,2015-05-06 00:00:00,1,LAC,HOU,"('Rivers', 'Doc')",-1,2746,0.468,3,2:07,7,0,0,3,1:48,7,1,0,2,inf,0,0
41400232,14,2015-05-06 00:00:00,1,LAC,HOU,"('Rivers', 'Doc')",-1,2730,0.528,4,6:45,-6,1,230,4,6:18,-7,1,3,4,1,0,0
41400232,14,2015-05-06 00:00:00,1,HOU,LAC,"('McHale', 'Kevin')",1,201599,0.397,4,2:52,8,1,132,4,2:28,8,1,0,2,-1,0,1
41400232,14,2015-05-06 00:00:00,1,LAC,HOU,"('Rivers', 'Doc')",-1,2730,0.528,4,2:11,-6,0,0,4,1:36,-6,0,0,2,inf,0,0
41400233,14,2015-05-08 00:00:00,1,LAC,HOU,"('Rivers', 'Doc')",1,2730,0.528,2,2:12,12,0,0,2,1:24,8,1,1,2,inf,0,1
41400234,14,2015-05-10 00:00:00,1,HOU,LAC,"('McHale', 'Kevin')",-1,201599,0.397,1,5:34,1,0,0,1,4:01,2,4,4,8,inf,0,0
41400234,14,2015-05-10 00:00:00,1,HOU,LAC,"('McHale', 'Kevin')",-1,201599,0.397,1,3:03,6,1,182,1,3:02,5,0,1,2,3,0,0
41400234,14,2015-05-10 00:00:00,1,HOU,LAC,"('McHale', 'Kevin')",-1,201599,0.397,2,7:05,-4,0,0,2,6:40,-3,1,1,2,inf,0,0
41400234,14,2015-05-10 00:00:00,1,HOU,LAC,"('McHale', 'Kevin')",-1,201599,0.397,2,5:24,-2,1,19,2,5:14,0,1,0,2,1,0,0
41400234,14,2015-05-10 00:00:00,1,HOU,LAC,"('McHale', 'Kevin')",-1,201599,0.397,2,4:25,2,0,0,2,2:59,-2,4,2,8,inf,0,0
41400234,14,2015-05-10 00:00:00,1,HOU,LAC,"('McHale', 'Kevin')",-1,201599,0.397,2,0:08,-6,0,0,3,11:21,-6,1,0,2,inf,0,0
41400234,14,2015-05-10 00:00:00,1,HOU,LAC,"('McHale', 'Kevin')",-1,201599,0.397,3,3:00,-22,0,0,3,2:27,-24,2,4,4,inf,0,0
41400235,14,2015-05-12 00:00:00,1,LAC,HOU,"('Rivers', 'Doc')",-1,2730,0.528,2,0:44,-11,1,24,2,0:24,-13,0,2,2,-15,0,0
41400235,14,2015-05-12 00:00:00,1,HOU,LAC,"('McHale', 'Kevin')",1,201599,0.397,3,2:47,13,0,0,3,2:08,14,1,1,2,inf,0,1
41400235,14,2015-05-12 00:00:00,1,HOU,LAC,"('McHale', 'Kevin')",1,201599,0.397,3,1:07,15,1,66,3,1:06,15,0,0,2,14,0,1
41400235,14,2015-05-12 00:00:00,1,LAC,HOU,"('Rivers', 'Doc')",-1,2730,0.528,3,1:04,-15,0,0,3,0:36,-16,1,1,2,inf,0,0
41400235,14,2015-05-12 00:00:00,1,HOU,LAC,"('McHale', 'Kevin')",1,201599,0.397,4,9:11,16,0,0,4,8:38,16,1,2,2,inf,0,1
41400235,14,2015-05-12 00:00:00,1,HOU,LAC,"('McHale', 'Kevin')",1,201599,0.397,4,8:20,19,0,0,4,7:46,18,1,1,2,inf,0,1
41400235,14,2015-05-12 00:00:00,1,HOU,LAC,"('McHale', 'Kevin')",1,201599,0.397,4,6:12,20,0,0,4,6:01,19,1,1,2,inf,0,1
41400235,14,2015-05-12 00:00:00,1,HOU,LAC,"('McHale', 'Kevin')",1,201599,0.397,4,5:34,18,1,334,4,5:34,17,0,1,2,21,0,1
41400236,14,2015-05-14 00:00:00,1,LAC,HOU,"('Rivers', 'Doc')",1,2730,0.528,2,1:25,-1,1,72,2,1:12,2,1,0,2,2,0,0
41400236,14,2015-05-14 00:00:00,1,LAC,HOU,"('Rivers', 'Doc')",1,2730,0.528,3,1:03,15,0,0,3,0:40,10,1,2,2,inf,0,0
41400236,14,2015-05-14 00:00:00,1,LAC,HOU,"('Rivers', 'Doc')",1,2746,0.468,4,1:16,-9,0,0,4,0:53,-9,2,2,4,inf,0,0
41400311,14,2015-05-19 00:00:00,1,GSW,HOU,"('Kerr', 'Steve')",1,203991,0.174,3,1:05,7,0,0,3,0:34,6,1,1,2,inf,0,1
41400314,14,2015-05-25 00:00:00,1,GSW,HOU,"('Kerr', 'Steve')",-1,2730,0.528,2,2:05,-12,1,123,2,2:03,-12,0,0,2,-10,0,0
41400314,14,2015-05-25 00:00:00,1,GSW,HOU,"('Kerr', 'Steve')",-1,203991,0.174,3,0:32,-15,0,0,3,0:02,-13,1,1,2,inf,0,0
41400314,14,2015-05-25 00:00:00,1,GSW,HOU,"('Kerr', 'Steve')",-1,2746,0.468,4,5:46,-13,0,0,4,5:22,-14,1,1,2,inf,0,0
41400314,14,2015-05-25 00:00:00,1,GSW,HOU,"('Kerr', 'Steve')",-1,2746,0.468,4,4:40,-16,1,231,4,3:51,-13,3,2,8,-13,0,0
41400315,14,2015-05-27 00:00:00,1,GSW,HOU,"('Kerr', 'Steve')",1,2730,0.528,2,1:09,6,1,38,2,0:38,6,1,2,4,6,0,1
41400315,14,2015-05-27 00:00:00,1,HOU,GSW,"('McHale', 'Kevin')",-1,203105,0.628,3,2:32,-2,0,0,3,1:56,-7,1,2,2,inf,0,0
41400315,14,2015-05-27 00:00:00,1,GSW,HOU,"('Kerr', 'Steve')",1,2730,0.528,3,0:24,8,0,0,4,11:21,8,1,2,2,inf,0,1
41400315,14,2015-05-27 00:00:00,1,HOU,GSW,"('McHale', 'Kevin')",-1,2738,0.596,4,1:34,-9,1,85,4,1:25,-9,0,0,2,-14,0,0
41400402,14,2015-06-07 00:00:00,1,GSW,CLE,"('Kerr', 'Steve')",1,202684,0.641,4,2:57,-8,1,54,4,2:35,-6,2,2,4,-1,0,0
41400405,14,2015-06-14 00:00:00,1,CLE,GSW,"('Blatt', 'David')",-1,2738,0.596,4,2:31,-10,1,4,4,2:02,-8,2,1,6,1,2,0
21300019,13,2013-10-31 00:00:00,0,GSW,LAC,"('Jackson', 'Mark')",-1,201599,0.428,4,3:54,-11,1,23,4,3:53,-11,0,0,2,1,0,0
21300019,13,2013-10-31 00:00:00,0,GSW,LAC,"('Jackson', 'Mark')",-1,201599,0.428,4,2:23,-11,1,32,4,2:09,-9,1,0,2,1,0,0
21300025,13,2013-11-01 00:00:00,0,DAL,HOU,"('Carlisle', 'Rick')",-1,2730,0.547,3,6:01,-10,0,0,3,5:50,-10,0,0,2,inf,0,0
21300025,13,2013-11-01 00:00:00,0,DAL,HOU,"('Carlisle', 'Rick')",-1,2730,0.547,3,5:34,-10,0,0,3,5:02,-13,1,0,2,inf,0,0
21300025,13,2013-11-01 00:00:00,0,DAL,HOU,"('Carlisle', 'Rick')",-1,2730,0.547,3,4:45,-11,0,0,3,3:55,-10,2,3,4,inf,0,0
21300025,13,2013-11-01 00:00:00,0,DAL,HOU,"('Carlisle', 'Rick')",-1,2730,0.547,4,5:33,-14,0,0,4,5:04,-13,1,2,2,inf,0,0
21300031,13,2013-11-01 00:00:00,0,SAC,LAC,"('Malone', 'Mike')",1,201599,0.428,2,1:08,-4,0,0,2,0:46,-6,1,2,2,inf,0,0
21300041,13,2013-11-03 00:00:00,0,BOS,DET,"('Stevens', 'Brad')",-1,203083,0.418,4,3:09,-5,0,0,4,2:30,-4,1,1,2,inf,0,0
21300058,13,2013-11-05 00:00:00,0,POR,HOU,"('Stotts', 'Terry')",1,2730,0.547,4,2:12,-13,0,0,4,1:31,-14,1,1,2,inf,0,0
21300072,13,2013-11-07 00:00:00,0,LAL,HOU,"(""D'Antoni"", 'Mike')",-1,2730,0.547,4,3:24,-2,0,0,4,1:21,-2,4,5,10,inf,0,1
21300090,13,2013-11-09 00:00:00,0,HOU,LAC,"('McHale', 'Kevin')",1,201599,0.428,4,3:02,-8,1,181,4,3:01,-7,1,0,2,-13,0,0
21300106,13,2013-11-11 00:00:00,0,MIN,LAC,"('Adelman', 'Rick')",-1,201599,0.428,4,4:19,-8,1,144,4,4:01,-7,1,0,2,1,0,0
21300106,13,2013-11-11 00:00:00,0,MIN,LAC,"('Adelman', 'Rick')",-1,200797,0.625,4,4:00,-6,0,0,4,3:11,-4,2,1,2,inf,0,0
21300122,13,2013-11-13 00:00:00,0,OKC,LAC,"('Brooks', 'Scott')",-1,201599,0.428,3,2:20,0,0,0,3,1:56,-2,1,2,2,inf,0,0
21300123,13,2013-11-14 00:00:00,0,NYK,HOU,"('Woodson', 'Mike')",1,2730,0.547,4,3:24,-7,1,97,4,3:16,-7,0,0,2,-1,0,0
21300141,13,2013-11-16 00:00:00,0,DEN,HOU,"('Shaw', 'Brian')",-1,2730,0.547,4,5:37,-12,0,0,4,5:14,-12,1,1,2,inf,0,0
21300141,13,2013-11-16 00:00:00,0,DEN,HOU,"('Shaw', 'Brian')",-1,2730,0.547,4,4:59,-9,0,0,4,4:06,-13,3,5,8,inf,4,0
21300141,13,2013-11-16 00:00:00,0,DEN,HOU,"('Shaw', 'Brian')",-1,2730,0.547,4,4:06,-13,0,0,4,2:51,-17,5,7,9,inf,0,0
21300146,13,2013-11-16 00:00:00,0,BKN,LAC,"('Kidd', 'Jason')",-1,201599,0.428,4,4:25,-2,1,172,4,4:11,-1,1,1,2,1,0,0
21300161,13,2013-11-20 00:00:00,0,BKN,CHA,"('Kidd', 'Jason')",-1,202687,0.517,2,3:19,-1,0,0,2,2:48,-3,1,1,2,inf,0,0
21300172,13,2013-11-20 00:00:00,0,DAL,HOU,"('Carlisle', 'Rick')",1,2730,0.547,3,4:26,-14,0,0,3,3:09,-17,4,4,4,inf,0,1
21300187,13,2013-11-23 00:00:00,0,SAC,LAC,"('Malone', 'Mike')",-1,201599,0.428,2,3:33,-11,0,0,2,3:17,-12,1,1,2,inf,0,0
21300187,13,2013-11-23 00:00:00,0,SAC,LAC,"('Malone', 'Mike')",-1,201599,0.428,2,2:44,-10,0,0,2,2:17,-11,1,1,2,inf,0,0
21300187,13,2013-11-23 00:00:00,0,SAC,LAC,"('Malone', 'Mike')",-1,201599,0.428,2,0:26,-7,0,0,2,0:01,-9,1,2,2,inf,0,0
21300221,13,2013-11-27 00:00:00,0,ATL,HOU,"('Budenholzer', 'Mike')",-1,201600,0.619,2,0:10,-12,0,0,3,11:16,-11,2,1,2,inf,0,0
21300222,13,2013-11-27 00:00:00,0,MIL,WAS,"('Drew', 'Larry')",1,101162,0.686,5,0:25,-4,1,25,5,0:25,-6,0,2,2,-8,0,0
21300235,13,2013-11-29 00:00:00,0,OKC,GSW,"('Brooks', 'Scott')",1,101106,0.344,4,2:49,-3,1,37,4,2:39,-3,1,1,2,-1,0,1
21300238,13,2013-11-29 00:00:00,0,NYK,DEN,"('Woodson', 'Mike')",-1,201581,0.517,4,0:47,-5,1,31,4,0:31,-3,1,1,2,-2,0,0
21300240,13,2013-11-29 00:00:00,0,SAC,LAC,"('Malone', 'Mike')",1,201599,0.428,3,0:23,-1,0,0,4,11:46,-1,1,0,2,inf,0,0
21300240,13,2013-11-29 00:00:00,0,SAC,LAC,"('Malone', 'Mike')",1,201599,0.428,4,2:16,-3,0,0,4,1:51,-3,0,0,2,inf,0,0
21300245,13,2013-11-30 00:00:00,0,SAS,HOU,"('Popovich', 'Gregg')",1,2730,0.547,4,3:03,0,0,0,4,2:34,1,1,1,2,inf,0,0
21300245,13,2013-11-30 00:00:00,0,SAS,HOU,"('Popovich', 'Gregg')",1,2730,0.547,4,2:23,2,0,0,4,1:32,2,2,3,4,inf,0,0
21300250,13,2013-12-01 00:00:00,0,PHI,DET,"('Brown', 'Brett')",-1,203083,0.418,3,4:47,-19,1,247,3,4:07,-17,3,2,8,-12,0,0
21300250,13,2013-12-01 00:00:00,0,PHI,DET,"('Brown', 'Brett')",-1,203083,0.418,4,4:03,-13,0,0,4,3:27,-16,1,1,2,inf,0,0
21300272,13,2013-12-04 00:00:00,0,MIL,DET,"('Drew', 'Larry')",1,203083,0.418,4,2:21,-6,0,0,4,1:53,-8,2,2,4,inf,0,0
21300285,13,2013-12-06 00:00:00,0,GSW,HOU,"('Jackson', 'Mark')",-1,2730,0.547,3,5:19,-23,0,0,3,4:12,-27,2,3,4,inf,0,0
21300297,13,2013-12-07 00:00:00,0,SAC,UTA,"('Malone', 'Mike')",-1,2740,0.167,1,1:40,-2,0,0,2,11:09,-6,3,1,6,inf,2,1
21300343,13,2013-12-14 00:00:00,0,WAS,LAC,"('Wittman', 'Randy')",1,201599,0.428,3,2:28,-19,1,114,3,1:54,-17,2,2,4,-12,0,0
21300350,13,2013-12-15 00:00:00,0,SAC,HOU,"('Malone', 'Mike')",1,2730,0.547,2,0:19,9,0,0,2,0:00,8,1,2,2,inf,0,1
21300380,13,2013-12-18 00:00:00,0,NOP,LAC,"('Williams', 'Monty')",-1,201599,0.428,4,2:32,-12,0,0,4,1:54,-16,0,1,2,inf,0,0
21300423,13,2013-12-26 00:00:00,0,ATL,CLE,"('Budenholzer', 'Mike')",-1,203079,0.685,5,0:11,-1,0,0,5,0:06,-1,1,2,2,inf,0,1
21300448,13,2013-12-29 00:00:00,0,GSW,CLE,"('Jackson', 'Mark')",-1,201947,0.583,1,3:02,-7,1,182,1,3:02,-7,0,0,0,-9,0,1
21300517,13,2014-01-07 00:00:00,0,DEN,BOS,"('Shaw', 'Brian')",1,203515,0.644,4,2:34,31,0,0,4,1:57,30,1,1,2,inf,0,1
21300526,13,2014-01-08 00:00:00,0,LAL,HOU,"(""D'Antoni"", 'Mike')",-1,2730,0.547,4,4:01,-14,0,0,4,2:02,-14,6,6,14,inf,0,0
21300528,13,2014-01-08 00:00:00,0,BOS,LAC,"('Stevens', 'Brad')",-1,201599,0.428,3,1:09,-5,0,0,3,0:46,-7,1,0,2,inf,0,0
21300545,13,2014-01-11 00:00:00,0,PHX,DET,"('Hornacek', 'Jeff')",-1,203083,0.418,2,2:24,-12,0,0,2,2:03,-11,1,1,2,inf,0,0
21300545,13,2014-01-11 00:00:00,0,PHX,DET,"('Hornacek', 'Jeff')",-1,203083,0.418,3,0:10,-9,0,0,4,11:31,-10,1,1,2,inf,0,0
21300556,13,2014-01-13 00:00:00,0,BOS,HOU,"('Stevens', 'Brad')",1,2730,0.547,4,3:48,-10,0,0,4,3:32,-11,1,1,2,inf,0,0
21300556,13,2014-01-13 00:00:00,0,BOS,HOU,"('Stevens', 'Brad')",1,2730,0.547,4,3:13,-10,0,0,4,1:40,-10,6,5,10,inf,0,0
21300581,13,2014-01-17 00:00:00,0,LAC,NYK,"('Rivers', 'Doc')",-1,2199,0.632,2,1:58,1,0,0,2,1:30,2,1,1,2,inf,0,1
21300592,13,2014-01-17 00:00:00,0,OKC,GSW,"('Brooks', 'Scott')",1,101106,0.344,2,8:51,7,0,0,2,8:40,7,0,0,2,inf,0,1
21300597,13,2014-01-18 00:00:00,0,MIL,HOU,"('Drew', 'Larry')",-1,202700,0.604,3,2:42,-11,0,0,3,2:26,-11,0,0,0,inf,0,0
21300603,13,2014-01-19 00:00:00,0,SAC,OKC,"('Malone', 'Mike')",-1,2570,0.552,4,3:13,-13,0,0,4,2:27,-16,2,3,6,inf,0,0
21300614,13,2014-01-20 00:00:00,0,POR,HOU,"('Stotts', 'Terry')",-1,2730,0.547,3,0:59,-10,0,0,3,0:38,-12,2,2,2,inf,0,0
21300627,13,2014-01-22 00:00:00,0,SAC,HOU,"('Malone', 'Mike')",-1,2730,0.547,3,1:18,-16,0,0,3,0:55,-16,1,0,2,inf,0,0
21300627,13,2014-01-22 00:00:00,0,SAC,HOU,"('Malone', 'Mike')",-1,2730,0.547,3,0:44,-17,0,0,4,11:42,-17,1,1,4,inf,0,0
21300638,13,2014-01-24 00:00:00,0,MIL,CLE,"('Drew', 'Larry')",-1,203079,0.685,2,0:23,-9,0,0,3,11:42,-11,0,0,2,inf,0,0
21300671,13,2014-01-28 00:00:00,0,SAS,HOU,"('Popovich', 'Gregg')",-1,2730,0.547,3,3:27,-3,0,0,3,0:28,-10,7,9,14,inf,0,0
21300671,13,2014-01-28 00:00:00,0,SAS,HOU,"('Popovich', 'Gregg')",-1,2730,0.547,4,1:07,-4,0,0,4,0:34,-4,1,0,2,inf,2,0
21300677,13,2014-04-08 00:00:00,0,ATL,DET,"('Budenholzer', 'Mike')",1,203083,0.418,3,0:05,-1,0,0,4,11:36,-3,0,2,2,inf,0,0
21300678,13,2014-01-29 00:00:00,0,BOS,PHI,"('Stevens', 'Brad')",1,203100,0.641,3,0:03,-3,0,0,3,0:01,-3,0,0,0,inf,0,0
21300681,13,2014-01-29 00:00:00,0,DAL,HOU,"('Carlisle', 'Rick')",1,2730,0.547,4,4:21,-10,0,0,4,2:53,-12,5,7,8,inf,0,0
21300685,13,2014-01-29 00:00:00,0,WAS,LAC,"('Wittman', 'Randy')",-1,201599,0.428,2,1:23,-9,0,0,2,0:38,-11,2,2,4,inf,0,0
21300685,13,2014-01-29 00:00:00,0,WAS,LAC,"('Wittman', 'Randy')",-1,201599,0.428,4,2:21,-3,0,0,4,1:43,-7,2,4,4,inf,0,0
21300701,13,2014-02-01 00:00:00,0,CLE,HOU,"('Brown', 'Mike')",-1,2730,0.547,4,3:24,-12,0,0,4,2:43,-12,1,2,2,inf,0,0
21300729,13,2014-02-05 00:00:00,0,PHX,HOU,"('Hornacek', 'Jeff')",-1,2730,0.547,4,3:16,-9,0,0,4,2:10,-11,2,5,6,inf,0,0
21300748,13,2014-02-07 00:00:00,0,TOR,LAC,"('Casey', 'Dwane')",-1,201599,0.428,3,6:31,-20,0,0,3,5:34,-19,2,1,6,inf,0,0
21300748,13,2014-02-07 00:00:00,0,TOR,LAC,"('Casey', 'Dwane')",-1,201599,0.428,3,5:15,-18,0,0,3,3:20,-18,4,7,10,inf,4,0
21300784,13,2014-02-12 00:00:00,0,WAS,HOU,"('Wittman', 'Randy')",-1,2730,0.547,2,0:35,-5,0,0,2,0:01,-7,1,4,4,inf,0,0
21300787,13,2014-02-12 00:00:00,0,PHI,UTA,"('Brown', 'Brett')",-1,203497,0.492,3,0:39,-7,0,0,3,0:07,-9,1,2,2,inf,0,0
21300789,13,2014-02-12 00:00:00,0,POR,LAC,"('Stotts', 'Terry')",-1,201599,0.428,3,2:05,1,1,113,3,1:53,2,1,2,2,3,0,0
21300796,13,2014-02-18 00:00:00,0,NYK,MEM,"('Woodson', 'Mike')",-1,201979,0.611,1,0:08,-3,0,0,1,0:00,-5,0,0,0,inf,0,0
21300799,13,2014-02-18 00:00:00,0,PHX,DEN,"('Hornacek', 'Jeff')",-1,202702,0.65,5,0:07,3,1,6,5,0:06,3,0,1,2,5,0,1
21300800,13,2014-02-18 00:00:00,0,SAS,LAC,"('Popovich', 'Gregg')",-1,201599,0.428,4,6:03,9,0,0,4,5:17,6,1,2,2,inf,0,1
21300805,13,2014-02-19 00:00:00,0,IND,MIN,"('Vogel', 'Frank')",-1,101142,0.42,2,0:25,-12,1,5,2,0:05,-13,1,1,2,-13,0,0
21300819,13,2014-02-21 00:00:00,0,ATL,DET,"('Budenholzer', 'Mike')",-1,203083,0.418,4,4:20,-4,1,220,4,3:40,-2,2,0,4,-8,0,0
21300833,13,2014-02-23 00:00:00,0,OKC,LAC,"('Brooks', 'Scott')",1,201599,0.428,2,4:57,4,0,0,2,4:10,7,2,1,4,inf,0,0
21300897,13,2014-03-03 00:00:00,0,SAC,NOP,"('Malone', 'Mike')",1,203085,0.636,3,0:24,9,0,0,3,0:00,9,1,2,2,inf,0,1
21300904,13,2014-03-05 00:00:00,0,CHA,IND,"('Clifford', 'Steve')",1,202388,0.6,4,2:01,21,0,0,4,1:35,20,1,0,2,inf,0,1
21300951,13,2014-03-11 00:00:00,0,SAC,DET,"('Malone', 'Mike')",-1,203083,0.418,2,0:12,3,0,0,3,11:39,0,0,1,2,inf,0,0
21300966,13,2014-03-12 00:00:00,0,PHX,CLE,"('Hornacek', 'Jeff')",1,202684,0.693,4,0:49,-8,1,17,4,0:32,-8,1,2,2,-1,0,0
21300967,13,2014-03-12 00:00:00,0,GSW,LAC,"('Jackson', 'Mark')",-1,201599,0.428,4,1:09,-12,0,0,4,0:46,-11,1,1,2,inf,0,0
21300991,13,2014-03-16 00:00:00,0,SAC,MIN,"('Malone', 'Mike')",-1,203476,0.634,3,0:40,0,0,0,4,11:15,-1,2,1,2,inf,2,0
21301082,13,2014-03-28 00:00:00,0,UTA,NOP,"('Corbin', 'Tyrone')",-1,202329,0.664,4,0:45,-7,0,0,4,0:41,-7,1,2,2,inf,0,0
21301083,13,2014-03-28 00:00:00,0,SAC,OKC,"('Malone', 'Mike')",-1,203500,0.581,2,1:26,-16,0,0,2,0:58,-17,1,1,2,inf,0,0
21301083,13,2014-03-28 00:00:00,0,SAC,OKC,"('Malone', 'Mike')",-1,203500,0.581,2,0:56,-17,0,0,2,0:01,-16,2,1,2,inf,0,0
21301088,13,2014-03-29 00:00:00,0,HOU,LAC,"('McHale', 'Kevin')",1,201599,0.428,4,4:59,-6,0,0,4,4:05,-6,2,3,4,inf,0,0
21301102,13,2014-03-31 00:00:00,0,SAS,IND,"('Popovich', 'Gregg')",-1,202388,0.6,4,2:36,24,0,0,4,2:04,24,1,2,2,inf,0,1
21301103,13,2014-03-31 00:00:00,0,ATL,PHI,"('Budenholzer', 'Mike')",1,202363,0.0,2,0:45,-9,0,0,3,11:31,-7,3,1,2,inf,0,1
21301150,13,2014-04-06 00:00:00,0,LAL,LAC,"(""D'Antoni"", 'Mike')",-1,201599,0.428,2,1:06,-9,1,7,2,0:07,-8,2,1,4,-8,0,0
21301160,13,2014-04-08 00:00:00,0,SAC,OKC,"('Malone', 'Mike')",1,203500,0.581,2,1:43,-13,0,0,2,0:36,-12,2,2,4,inf,0,0
21301189,13,2014-04-12 00:00:00,0,SAC,LAC,"('Malone', 'Mike')",-1,201599,0.428,2,2:23,-7,0,0,2,1:39,-6,1,0,4,inf,0,0
21301189,13,2014-04-12 00:00:00,0,SAC,LAC,"('Malone', 'Mike')",-1,201599,0.428,2,1:10,-5,0,0,2,0:39,-8,2,2,4,inf,0,0
41300161,13,2014-04-19 00:00:00,1,GSW,LAC,"('Jackson', 'Mark')",-1,201599,0.428,4,3:04,3,0,0,4,2:27,0,1,2,2,inf,0,1
41300162,13,2014-04-21 00:00:00,1,GSW,LAC,"('Jackson', 'Mark')",-1,201599,0.428,2,2:59,-23,0,0,2,2:34,-23,1,2,2,inf,0,0
41300162,13,2014-04-21 00:00:00,1,GSW,LAC,"('Jackson', 'Mark')",-1,201599,0.428,3,1:51,-30,0,0,3,1:29,-32,1,2,2,inf,0,0
41300165,13,2014-04-29 00:00:00,1,GSW,LAC,"('Jackson', 'Mark')",-1,201599,0.428,4,5:08,-7,0,0,4,3:49,-9,3,4,6,inf,0,0
41300166,13,2014-05-01 00:00:00,1,GSW,LAC,"('Jackson', 'Mark')",1,201599,0.428,2,1:02,-2,1,61,2,1:01,-2,0,0,2,-3,0,1
41300171,13,2014-04-20 00:00:00,1,POR,HOU,"('Stotts', 'Terry')",-1,2730,0.547,4,4:30,-9,1,154,4,3:29,-5,4,2,6,1,0,1
41300173,13,2014-04-25 00:00:00,1,POR,HOU,"('Stotts', 'Terry')",1,2730,0.547,4,5:06,-6,0,0,4,4:33,-5,1,1,2,inf,0,0
41300223,13,2014-05-10 00:00:00,1,SAS,POR,"('Popovich', 'Gregg')",-1,203468,0.676,4,1:34,17,0,0,4,0:33,15,1,2,2,inf,0,1
41300231,13,2014-05-05 00:00:00,1,OKC,LAC,"('Brooks', 'Scott')",1,201599,0.428,3,4:02,-25,0,0,3,3:23,-23,2,1,6,inf,0,0
41300231,13,2014-05-05 00:00:00,1,OKC,LAC,"('Brooks', 'Scott')",1,201599,0.428,3,2:55,-22,0,0,3,2:19,-24,1,0,2,inf,0,0
41300313,13,2014-05-25 00:00:00,1,SAS,OKC,"('Popovich', 'Gregg')",-1,203500,0.581,3,0:21,-6,0,0,3,0:00,-7,2,1,2,inf,0,0
